,Study,Mosquito,Insecticide,concn,Hut,location,wall_type,Deterrency,Induced_Exophily,Bloodfeeding_inhibition,Insecticide_induced_mortality,insecticide,Months_since_IRS,time,lp0,Ntotalfemalemosq_C,Ntotaldied_C,Nexittraps_C,Nbloodfed_C,Ntotalfemalemosq_IRS,Ntotaldied_IRS,Nexittraps_IRS,Nbloodfed_IRS,P_fed_and_alive,P_fed_and_dead,P_unfed_and_dead,P_unfed_and_alive,P_killed,P_bloodfed,P_other
1,Agossa2014,Anophelesgambiae,pirimiphosmethyl,2,WestAfrica,Benin,cement,-50.65789474,0.275132275,4.956321839,100,pirimiphosmethyl,1,0,1,152,0,26,145,75,75,13,68,,,,,,,
2,Agossa2014,Anophelesgambiae,pirimiphosmethyl,2,WestAfrica,Benin,cement,-20.54794521,-2.396259497,-0.876959872,91.37931034,pirimiphosmethyl,2,2,1,73,0,14,71,58,53,10,52,,,,,,,
3,Agossa2014,Anophelesgambiae,pirimiphosmethyl,2,WestAfrica,Benin,cement,-46.37681159,25.40540541,-97.22572509,52.7027027,pirimiphosmethyl,6,6,1,138,0,18,122,74,39,26,68,,,,,,,
4,Tchicaya2014,Anophelesfunestus,pirimiphos-methylAA30%CS,1,WestAfrica,CoteDIvoire,cement,-50.70422535,11.48051948,18.64583333,87.58017493,pirimiphosmethyl,1.5,0,0.914285714,71,22,16,60,35,32,11,22,,,,,,,
5,Tchicaya2014,Anophelesfunestus,pirimiphos-methylAA30%CS,1,WestAfrica,CoteDIvoire,cement,-73.97260274,-8.367071525,21.3427269,100,pirimiphosmethyl,1.5,0,1,146,59,29,127,38,38,5,26,,,,,,,
6,Tchicaya2014,Anophelesfunestus,pirimiphos-methylAA30%CS,1,WestAfrica,CoteDIvoire,cement,-55.88235294,-4.615384615,-5.533063428,79.62546816,pirimiphosmethyl,1.5,0,0.866666667,136,47,32,114,60,52,12,46,,,,,,,
7,Tchicaya2014,Anophelesfunestus,pirimiphos-methylAA30%CS,1,WestAfrica,CoteDIvoire,cement,23.25581395,-2.166317261,-20.27972028,96.75471698,pirimiphosmethyl,1.5,0,0.981132075,86,36,32,55,106,104,38,80,,,,,,,
8,Tchicaya2014,Anophelesfunestus,pirimiphos-methylB30%CS,1,WestAfrica,CoteDIvoire,cement,-63.38028169,-4.265734266,27.17948718,100,pirimiphosmethyl,1.5,0,1,71,22,16,60,26,26,5,16,,,,,,,
9,Tchicaya2014,Anophelesfunestus,pirimiphos-methylB30%CS,1,WestAfrica,CoteDIvoire,cement,-82.87671233,0.170940171,31.02362205,100,pirimiphosmethyl,1.5,0,1,146,59,29,127,25,25,5,15,,,,,,,
10,Tchicaya2014,Anophelesfunestus,pirimiphos-methylB30%CS,1,WestAfrica,CoteDIvoire,cement,-40.44117647,11.20607787,17.98245614,98.11346927,pirimiphosmethyl,1.5,0,0.987654321,136,47,32,114,81,80,26,55,,,,,,,
11,Tchicaya2014,Anophelesfunestus,pirimiphos-methylB30%CS,1,WestAfrica,CoteDIvoire,cement,-52.3255814,-16.53116531,-14.41241685,100,pirimiphosmethyl,1.5,0,1,86,36,32,55,41,41,11,30,,,,,,,
12,Tchicaya2014,Anophelesgambiae,pirimiphos-methylAA30%CS,1,WestAfrica,CoteDIvoire,cement,-34.50292398,25.27636054,0.821880154,94.61134454,pirimiphosmethyl,1.5,0,0.955357143,513,88,135,340,336,321,151,211,,,,,,,
13,Tchicaya2014,Anophelesgambiae,pirimiphos-methylAA30%CS,1,WestAfrica,CoteDIvoire,cement,-60.49562682,2.80875043,6.13136136,89.3562336,pirimiphosmethyl,1.5,0,0.915129151,686,139,225,554,271,248,94,188,,,,,,,
14,Tchicaya2014,Anophelesgambiae,pirimiphos-methylAA30%CS,1,WestAfrica,CoteDIvoire,cement,-62.88659794,2.541371158,-17.78429634,86.71512853,pirimiphosmethyl,1.5,0,0.891666667,970,179,359,685,360,321,139,267,,,,,,,
15,Tchicaya2014,Anophelesgambiae,pirimiphos-methylAA30%CS,1,WestAfrica,CoteDIvoire,cement,9.312638581,11.57882597,-15.33346972,72.60604507,pirimiphosmethyl,1.5,0,0.778904665,902,174,304,611,986,768,408,600,,,,,,,
16,Tchicaya2014,Anophelesgambiae,pirimiphos-methylB30%CS,1,WestAfrica,CoteDIvoire,cement,-46.19883041,14.93271222,10.84224599,94.75191816,pirimiphosmethyl,1.5,0,0.956521739,513,88,135,340,276,264,103,156,,,,,,,
17,Tchicaya2014,Anophelesgambiae,pirimiphos-methylB30%CS,1,WestAfrica,CoteDIvoire,cement,-46.06413994,6.29184499,17.21890932,96.27155492,pirimiphosmethyl,1.5,0,0.97027027,686,139,225,554,370,359,137,240,,,,,,,
18,Tchicaya2014,Anophelesgambiae,pirimiphos-methylB30%CS,1,WestAfrica,CoteDIvoire,cement,-7.216494845,6.863066012,-7.72884434,91.27967411,pirimiphosmethyl,1.5,0,0.928888889,970,179,359,685,900,836,372,636,,,,,,,
19,Tchicaya2014,Anophelesgambiae,pirimiphos-methylB30%CS,1,WestAfrica,CoteDIvoire,cement,-54.32372506,1.151086145,-31.12474721,75.64080337,pirimiphosmethyl,1.5,0,0.803398058,902,174,304,611,412,331,142,294,,,,,,,
20,Tchicaya2014,Anophelesfunestus,pirimiphos-methylAA30%CS,1,WestAfrica,CoteDIvoire,cement,-76.92307692,3.703703704,-30,38.0952381,pirimiphosmethyl,4.5,6,0.914285714,13,6,4,10,3,2,1,2,,,,,,,
21,Tchicaya2014,Anophelesfunestus,pirimiphos-methylAA30%CS,1,WestAfrica,CoteDIvoire,cement,-70,-42.85714286,-42.85714286,100,pirimiphosmethyl,4.5,6,1,10,6,3,7,3,3,0,3,,,,,,,
22,Tchicaya2014,Anophelesfunestus,pirimiphos-methylAA30%CS,1,WestAfrica,CoteDIvoire,cement,-60.86956522,36.11111111,-53.33333333,31.85185185,pirimiphosmethyl,4.5,6,0.866666667,23,8,7,21,9,5,5,7,,,,,,,
23,Tchicaya2014,Anophelesfunestus,pirimiphos-methylAA30%CS,1,WestAfrica,CoteDIvoire,cement,20,-33.33333333,-66.66666667,72.22222222,pirimiphosmethyl,4.5,6,0.981132075,10,4,5,6,12,10,4,10,,,,,,,
24,Tchicaya2014,Anophelesfunestus,pirimiphos-methylB30%CS,1,WestAfrica,CoteDIvoire,cement,-76.92307692,51.85185185,13.33333333,100,pirimiphosmethyl,4.5,6,1,13,6,4,10,3,3,2,2,,,,,,,
25,Tchicaya2014,Anophelesfunestus,pirimiphos-methylB30%CS,1,WestAfrica,CoteDIvoire,cement,-90,-42.85714286,-42.85714286,100,pirimiphosmethyl,4.5,6,1,10,6,3,7,1,1,0,1,,,,,,,
26,Tchicaya2014,Anophelesfunestus,pirimiphos-methylB30%CS,1,WestAfrica,CoteDIvoire,cement,-21.73913043,-3.819444444,-9.523809524,31.85185185,pirimiphosmethyl,4.5,6,0.987654321,23,8,7,21,18,10,5,10,,,,,,,
27,Tchicaya2014,Anophelesfunestus,pirimiphos-methylB30%CS,1,WestAfrica,CoteDIvoire,cement,-50,-100,-66.66666667,66.66666667,pirimiphosmethyl,4.5,6,1,10,4,5,6,5,4,0,4,,,,,,,
28,Tchicaya2014,Anophelesgambiae,pirimiphos-methylAA30%CS,1,WestAfrica,CoteDIvoire,cement,-12.09677419,3.485168642,-52.00580973,57.58892644,pirimiphosmethyl,4.5,6,0.955357143,620,164,277,459,545,375,254,422,,,,,,,
29,Tchicaya2014,Anophelesgambiae,pirimiphos-methylAA30%CS,1,WestAfrica,CoteDIvoire,cement,-41.57608696,30.01035684,-34.40719236,51.51472279,pirimiphosmethyl,4.5,6,0.915129151,736,210,242,608,430,281,228,312,,,,,,,
30,Tchicaya2014,Anophelesgambiae,pirimiphos-methylAA30%CS,1,WestAfrica,CoteDIvoire,cement,-22.13622291,5.727338099,-69.06184218,42.80677762,pirimiphosmethyl,4.5,6,0.891666667,646,143,270,441,503,279,227,322,,,,,,,
31,Tchicaya2014,Anophelesgambiae,pirimiphos-methylAA30%CS,1,WestAfrica,CoteDIvoire,cement,4.344048653,-5.765219631,-121.933704,35.79250515,pirimiphosmethyl,4.5,6,0.778904665,1151,242,456,728,1201,592,434,831,,,,,,,
32,Tchicaya2014,Anophelesgambiae,pirimiphos-methylB30%CS,1,WestAfrica,CoteDIvoire,cement,-37.09677419,-0.575614861,-16.73808596,69.32073774,pirimiphosmethyl,4.5,6,0.956521739,620,164,277,459,390,302,173,261,,,,,,,
33,Tchicaya2014,Anophelesgambiae,pirimiphos-methylB30%CS,1,WestAfrica,CoteDIvoire,cement,-50.95108696,22.82346608,-10.35893621,69.76712343,pirimiphosmethyl,4.5,6,0.97027027,736,210,242,608,361,283,174,258,,,,,,,
34,Tchicaya2014,Anophelesgambiae,pirimiphos-methylB30%CS,1,WestAfrica,CoteDIvoire,cement,28.17337461,-2.711609621,-65.99928308,58.89638017,pirimiphosmethyl,4.5,6,0.928888889,646,143,270,441,828,563,333,638,,,,,,,
35,Tchicaya2014,Anophelesgambiae,pirimiphos-methylB30%CS,1,WestAfrica,CoteDIvoire,cement,-55.25629887,-0.653209471,-79.25548532,46.89224262,pirimiphosmethyl,4.5,6,0.803398058,1151,242,456,728,515,299,202,339,,,,,,,
36,Tchicaya2014,Anophelesfunestus,pirimiphos-methylAA30%CS,1,WestAfrica,CoteDIvoire,cement,-68.62745098,-2.455357143,-6.25,70.34883721,pirimiphosmethyl,9,12,0.914285714,51,8,23,48,16,12,7,12,,,,,,,
37,Tchicaya2014,Anophelesfunestus,pirimiphos-methylAA30%CS,1,WestAfrica,CoteDIvoire,cement,-82,-8.024691358,-90.47619048,38.27160494,pirimiphosmethyl,9,12,1,50,14,14,42,9,5,2,8,,,,,,,
38,Tchicaya2014,Anophelesfunestus,pirimiphos-methylAA30%CS,1,WestAfrica,CoteDIvoire,cement,-34.21052632,11.33333333,-126.7045455,39.2,pirimiphosmethyl,9,12,0.866666667,38,3,14,32,25,11,11,21,,,,,,,
39,Tchicaya2014,Anophelesfunestus,pirimiphos-methylAA30%CS,1,WestAfrica,CoteDIvoire,cement,76.92307692,-29.19254658,-149.4949495,24.63768116,pirimiphosmethyl,9,12,0.981132075,13,4,6,9,23,11,7,19,,,,,,,
40,Tchicaya2014,Anophelesfunestus,pirimiphos-methylB30%CS,1,WestAfrica,CoteDIvoire,cement,-52.94117647,-21.42857143,-94.79166667,40.69767442,pirimiphosmethyl,9,12,1,51,8,23,48,24,12,8,22,,,,,,,
41,Tchicaya2014,Anophelesfunestus,pirimiphos-methylB30%CS,1,WestAfrica,CoteDIvoire,cement,-92,30.55555556,-138.0952381,30.55555556,pirimiphosmethyl,9,12,1,50,14,14,42,4,2,2,4,,,,,,,
42,Tchicaya2014,Anophelesfunestus,pirimiphos-methylB30%CS,1,WestAfrica,CoteDIvoire,cement,-23.68421053,7.183908046,-78.125,51.33004926,pirimiphosmethyl,9,12,0.987654321,38,3,14,32,29,16,12,24,,,,,,,
43,Tchicaya2014,Anophelesfunestus,pirimiphos-methylB30%CS,1,WestAfrica,CoteDIvoire,cement,-30.76923077,-65.07936508,-65.07936508,67.90123457,pirimiphosmethyl,9,12,1,13,4,6,9,9,7,1,8,,,,,,,
44,Tchicaya2014,Anophelesgambiae,pirimiphos-methylAA30%CS,1,WestAfrica,CoteDIvoire,cement,-42.22222222,14.7341629,-90.76997814,44.16873449,pirimiphosmethyl,9,12,0.955357143,1260,113,444,1035,728,358,326,561,,,,,,,
45,Tchicaya2014,Anophelesgambiae,pirimiphos-methylAA30%CS,1,WestAfrica,CoteDIvoire,cement,-46.72216441,5.15608413,-85.03669812,43.35422904,pirimiphosmethyl,9,12,0.915129151,961,126,490,807,512,260,274,404,,,,,,,
46,Tchicaya2014,Anophelesgambiae,pirimiphos-methylAA30%CS,1,WestAfrica,CoteDIvoire,cement,-48.44486334,9.179287448,-250.2551976,20.60414318,pirimiphosmethyl,9,12,0.891666667,1061,96,463,843,547,152,267,423,,,,,,,
47,Tchicaya2014,Anophelesgambiae,pirimiphos-methylAA30%CS,1,WestAfrica,CoteDIvoire,cement,-0.816326531,-5.246725499,-272.7493917,22.93345582,pirimiphosmethyl,9,12,0.778904665,980,93,433,685,972,294,401,766,,,,,,,
48,Tchicaya2014,Anophelesgambiae,pirimiphos-methylB30%CS,1,WestAfrica,CoteDIvoire,cement,-53.01587302,12.10005962,-80.60999351,52.31096397,pirimiphosmethyl,9,12,0.956521739,1260,113,444,1035,592,335,255,497,,,,,,,
49,Tchicaya2014,Anophelesgambiae,pirimiphos-methylB30%CS,1,WestAfrica,CoteDIvoire,cement,-53.69406868,11.96736563,-36.15436608,58.87801924,pirimiphosmethyl,9,12,0.97027027,961,126,490,807,445,286,253,327,,,,,,,
50,Tchicaya2014,Anophelesgambiae,pirimiphos-methylB30%CS,1,WestAfrica,CoteDIvoire,cement,-23.46842601,11.72463219,-112.0257323,42.85944001,pirimiphosmethyl,9,12,0.928888889,1061,96,463,843,812,390,408,657,,,,,,,
51,Tchicaya2014,Anophelesgambiae,pirimiphos-methylB30%CS,1,WestAfrica,CoteDIvoire,cement,-56.53061224,-14.8131936,-233.204615,29.71508117,pirimiphosmethyl,9,12,0.803398058,980,93,433,685,426,155,153,361,,,,,,,
52,Rowland2013,Anophelesgambiae,pirimiphos-methylB30%CS,0.5,WestAfrica,Benin,cement,-30.43478261,-20.43918919,-0.790229885,100,pirimiphosmethyl,1,1,1,736,24,440,696,512,512,264,488,0.0422496,0.8694352,0.06759511,0.3420516,0.9370303,0.0422496,0.02072011
53,Rowland2013,Anophelesgambiae,pirimiphos-methylB30%CS,0.5,WestAfrica,Benin,cement,12.67605634,-1.737804878,-4.411764706,98.61328125,pirimiphosmethyl,2,2,1,568,56,240,544,640,632,264,632,0.02121039,0.9245643,0.0125,-0.0709507,0.9370643,0.02121039,0.04172535
54,Rowland2013,Anophelesgambiae,pirimiphos-methylB30%CS,0.5,WestAfrica,Benin,cement,-21.01449275,20.69765097,3.40780543,95.20433695,pirimiphosmethyl,3,3,1,1104,48,376,1088,872,832,416,792,0.11073947,0.7909358,0.08256881,0.2433187,0.8735046,0.11073947,0.01575588
55,Rowland2013,Anophelesgambiae,pirimiphos-methylB30%CS,0.5,WestAfrica,Benin,cement,-27.83505155,-21.40328698,-11.59525319,94.39306358,pirimiphosmethyl,4,4,1,1552,168,648,1328,1120,1064,328,1016,0.10955186,0.7180991,0.1302651,0.3517305,0.8483642,0.10955186,0.04208395
56,Rowland2013,Anophelesgambiae,pirimiphos-methylB30%CS,0.5,WestAfrica,Benin,cement,-34.35582822,-12.15980281,-12.76027397,92.89096573,pirimiphosmethyl,5,5,1,1304,104,576,1168,856,800,320,808,0.09287172,0.8047259,0.05251992,0.4022132,0.8572458,0.09287172,0.04988246
57,Rowland2013,Anophelesgambiae,pirimiphos-methylB30%CS,0.5,WestAfrica,Benin,cement,-43.08943089,23.9445629,-28.36812144,96.62087912,pirimiphosmethyl,6,6,1,984,152,448,744,560,544,328,528,0.05979094,0.7450871,0.09547038,0.5487805,0.8405575,0.05979094,0.09965157
58,Rowland2013,Anophelesgambiae,pirimiphos-methylB30%CS,0.5,WestAfrica,Benin,cement,-47.28682171,-20.9375,-13.71900826,86.56949505,pirimiphosmethyl,7,7,1,1032,128,392,968,544,480,136,512,0.12864462,0.7687562,0.05870953,0.5183539,0.8274657,0.12864462,0.04388965
59,Rowland2013,Anophelesgambiae,pirimiphos-methylB30%CS,0.5,WestAfrica,Benin,cement,-37.14285714,5.991735537,-28.67647059,76.60427807,pirimiphosmethyl,8,8,1,280,8,104,256,176,136,72,160,0.26446281,0.59268,0.09090909,0.4805195,0.6835891,0.26446281,0.05194805
60,Rowland2013,Anophelesgambiae,pirimiphos-methylB30%CS,0.5,WestAfrica,Benin,cement,-15.73033708,0.707482993,-31.09362389,73.62962963,pirimiphosmethyl,9,9,1,712,136,320,672,600,472,272,584,0.16564894,0.7748754,0.02187266,0.1640449,0.7967481,0.16564894,0.037603
61,Rowland2013,Anophelesgambiae,pirimiphos-methylB30%CS,0.5,WestAfrica,Benin,cement,-22.05882353,34.59119497,-21.71563661,86.25336927,pirimiphosmethyl,10,10,1,544,96,136,504,424,376,216,424,0.08990011,0.8659822,0.01470588,0.25,0.8806881,0.08990011,0.02941176
62,Rowland2013,Anophelesgambiae,pirimiphos-methylB30%CS,0.5,WestAfrica,Benin,cement,-34.92063492,-3.719512195,-20.84398977,80.44345898,pirimiphosmethyl,11,11,1,504,64,184,368,328,272,112,240,0.22095691,0.441064,0.22996516,0.4367015,0.6710291,0.22095691,0.10801394
63,Rowland2013,Anophelesgambiae,pirimiphos-methylB30%CS,0.5,WestAfrica,Benin,cement,-29.75206612,-40.0192864,-179.3650794,33.90756303,pirimiphosmethyl,12,12,1,968,72,480,840,680,264,200,640,0.50220481,0.3145186,0.06261546,0.42421,0.377134,0.50220481,0.12066116
64,Rowland2013,Anophelesgambiae,pirimiphos-methylB30%CS,1,WestAfrica,Benin,cement,-31.52173913,-30.24453024,2.645502646,100,pirimiphosmethyl,1,1,1,736,24,440,696,504,504,240,464,0.06909527,0.811512,0.09937888,0.357833,0.9108909,0.06909527,0.020013803
65,Rowland2013,Anophelesgambiae,pirimiphos-methylB30%CS,1,WestAfrica,Benin,cement,-7.042253521,18.66223208,-1.247771836,100,pirimiphosmethyl,2,2,1,568,56,240,544,528,528,280,512,0.02524606,0.9034778,0.03030303,0.1244131,0.9337808,0.02524606,0.040973111
66,Rowland2013,Anophelesgambiae,pirimiphos-methylB30%CS,1,WestAfrica,Benin,cement,-39.13043478,6.12244898,8.309709426,98.75541126,pirimiphosmethyl,3,3,1,1104,48,376,1088,672,664,256,600,0.10090087,0.7854863,0.10714286,0.4034679,0.8926292,0.10090087,0.006469979
67,Rowland2013,Anophelesgambiae,pirimiphos-methylB30%CS,1,WestAfrica,Benin,cement,-32.98969072,-3.008849558,-10.27011271,94.82436639,pirimiphosmethyl,4,4,1,1552,168,648,1328,1040,992,416,936,0.10624535,0.7219069,0.1297383,0.3800159,0.8516452,0.10624535,0.042109437
68,Rowland2013,Anophelesgambiae,pirimiphos-methylB30%CS,1,WestAfrica,Benin,cement,-15.95092025,-0.673778776,-6.369323698,92.06812652,pirimiphosmethyl,5,5,1,1304,104,576,1168,1096,1016,480,968,0.1425631,0.7042418,0.11495231,0.2386817,0.8191941,0.1425631,0.038242801
69,Rowland2013,Anophelesgambiae,pirimiphos-methylB30%CS,1,WestAfrica,Benin,cement,-15.44715447,-7.677956372,-33.6076366,93.17677515,pirimiphosmethyl,6,6,1,984,152,448,744,832,784,344,792,0.06771811,0.7448992,0.0771576,0.2861163,0.8220568,0.06771811,0.110225141
70,Rowland2013,Anophelesgambiae,pirimiphos-methylB30%CS,1,WestAfrica,Benin,cement,-37.98449612,-4.8125,13.55818629,91.4380531,pirimiphosmethyl,7,7,1,1032,128,392,968,640,592,224,480,0.16912427,0.5579106,0.19932171,0.4132752,0.7572323,0.16912427,0.073643411
71,Rowland2013,Anophelesgambiae,pirimiphos-methylB30%CS,1,WestAfrica,Benin,cement,-51.42857143,-12.29946524,-9.375,87.88927336,pirimiphosmethyl,8,8,1,280,8,104,256,136,120,40,120,0.14236283,0.6895699,0.05882353,0.5630252,0.7483935,0.14236283,0.109243697
72,Rowland2013,Anophelesgambiae,pirimiphos-methylB30%CS,1,WestAfrica,Benin,cement,-35.95505618,-30.64804869,-16.14010989,89.15692008,pirimiphosmethyl,9,9,1,712,136,320,672,456,416,128,456,0.06997832,0.8963138,0.02247191,0.3707865,0.9187857,0.06997832,0.011235955
73,Rowland2013,Anophelesgambiae,pirimiphos-methylB30%CS,1,WestAfrica,Benin,cement,-52.94117647,8.333333333,-0.972862263,96.20535714,pirimiphosmethyl,10,10,1,544,96,136,504,256,248,80,232,0.08995864,0.7763097,0.10707721,0.5376838,0.8833869,0.08995864,0.026654412
74,Rowland2013,Anophelesgambiae,pirimiphos-methylB30%CS,1,WestAfrica,Benin,cement,-57.14285714,-5,-93.35038363,57.57575758,pirimiphosmethyl,11,11,1,504,64,184,368,216,136,72,192,0.35325625,0.4509765,0.15343915,0.5873016,0.6044157,0.35325625,0.042328042
75,Rowland2013,Anophelesgambiae,pirimiphos-methylB30%CS,1,WestAfrica,Benin,cement,-52.0661157,-57.32052007,-203.8095238,32.94334975,pirimiphosmethyl,12,12,1,968,72,480,840,464,176,96,464,0.50270732,0.3650613,0.01652893,0.6363636,0.3815902,0.50270732,0.115702479
76,Unpublished_Muller_Sumi_trial,Anophelesgambiae,pirimiphos-methylB30%CS,,WestAfrica,CoteDIvoire,cement,-53.13131313,49.48436996,-75.66782811,71.00812651,pirimiphosmethyl,1,1,1,1692,108,522,1269,477,459,171,234,0.269703,0.184331518,0.512043356,0.55600161,0.696374874,0.269703,0.03392212
77,Unpublished_Muller_Sumi_trial,Anophelesgambiae,pirimiphos-methylB30%CS,,WestAfrica,CoteDIvoire,cement,-37.08609272,46.31856687,-97.71570895,80.20032781,pirimiphosmethyl,2,2,1,2043,63,675,1260,351,342,108,252,0.2157171,0.394697437,0.294702361,0.76640687,0.689399798,0.2157171,0.09488309
78,Unpublished_Muller_Sumi_trial,Anophelesgambiae,pirimiphos-methylB30%CS,,WestAfrica,CoteDIvoire,cement,-0.642398287,43.7947828,-74.98501199,81.36174968,pirimiphosmethyl,3,3,1,1440,90,477,882,243,189,117,180,0.2786351,0.323216735,0.282407407,0.87962963,0.605624143,0.2786351,0.11574074
79,Unpublished_Muller_Sumi_trial,Anophelesgambiae,pirimiphos-methylB30%CS,,WestAfrica,CoteDIvoire,cement,55.44554455,40.61734444,-61.95016251,89.89562144,pirimiphosmethyl,4,4,1,1305,63,315,864,675,522,198,531,0.4720601,0.298882452,0.156873563,0.5508046,0.455756015,0.4720601,0.07218391
80,Unpublished_Muller_Sumi_trial,Anophelesgambiae,pirimiphos-methylB30%CS,,WestAfrica,CoteDIvoire,cement,-31.3225058,36.78224488,-22.20253246,82.88976403,pirimiphosmethyl,5,5,1,2907,72,900,2565,3141,1557,1053,2637,0.6187141,0.236431485,0.091690544,-0.00493227,0.32812203,0.6187141,0.05316384
81,Unpublished_Muller_Sumi_trial,Anophelesgambiae,pirimiphos-methylB30%CS,,WestAfrica,CoteDIvoire,cement,-75.74086837,35.67061788,-32.17251165,82.64354067,pirimiphosmethyl,6,6,1,5031,135,1431,4032,6183,2088,1728,5085,0.7358765,0.092312709,0.0713246,-0.12163017,0.163637309,0.7358765,0.10048616
82,Unpublished_Muller_Sumi_trial,Anophelesgambiae,pirimiphos-methylB30%CS,,WestAfrica,CoteDIvoire,cement,-56.84647303,30.01659358,-19.71169234,95.17729929,pirimiphosmethyl,7,7,1,3438,27,945,2790,3528,639,1062,3204,0.8166051,0.0439035,0.030612245,0.06671386,0.074515745,0.8166051,0.10887915
83,Unpublished_Muller_Sumi_trial,Anophelesgambiae,pirimiphos-methylB30%CS,,WestAfrica,CoteDIvoire,cement,-93.97116645,-18.72768879,-18.26268616,95.62926047,pirimiphosmethyl,8,8,1,5481,27,1728,4806,5355,900,1980,4986,0.8967479,0.006165011,0.003250956,0.07380331,0.009415967,0.8967479,0.09383616
84,Unpublished_Muller_Sumi_trial,Anophelesgambiae,pirimiphos-methylB30%CS,,WestAfrica,CoteDIvoire,cement,-82.67515924,39.97058824,-25.04978096,91.17084692,pirimiphosmethyl,9,9,1,5517,0,1710,4788,4230,396,1152,4077,0.9284878,0.001979718,0,0.28444344,0.001979718,0.9284878,0.06953247
85,Unpublished_Muller_Sumi_trial,Anophelesgambiae,pirimiphos-methylB30%CS,,WestAfrica,CoteDIvoire,cement,-88.28748891,44.40451022,-38.33878887,78.76904031,pirimiphosmethyl,10,10,1,3672,9,801,3267,2808,279,747,2682,0.946047,0,0,0.27341001,0,0.946047,0.05395299
86,Unpublished_Muller_Sumi_trial,Anophelesgambiae,pirimiphos-methylB30%CS,,WestAfrica,CoteDIvoire,cement,-64.32748538,44.70850713,-10.90801887,86.8852459,pirimiphosmethyl,11,11,1,2124,27,531,1989,1836,306,504,1836,0.970339,0,0,0.16525424,0,0.970339,0.02966102
87,Unpublished_Muller_Sumi_trial,Anophelesgambiae,pirimiphos-methylB30%CS,,WestAfrica,CoteDIvoire,cement,-32.35294118,56.80648341,-21.10908723,88.04347826,pirimiphosmethyl,12,12,1,1818,0,441,1647,1224,72,387,1152,0.9488934,0,0,0.34857309,0,0.9488934,0.05110658
88,UNPUBLISHED_Sarah_Moore,Anopheles_arabiensis,pirimiphos-methyl,,Ifakara,Tanzania,Ifakara_huts,10.38251366,18.28771112,100,38.23132313,pirimiphosmethyl,1.3,1.3,,183,7,132,9,202,82,156,0,0.260753124,0,0.095033274,0.547070281,0.095033274,0.260753124,0.644213602
89,UNPUBLISHED_Sarah_Moore,Anopheles_arabiensis,pirimiphos-methyl,,Ifakara,Tanzania,Ifakara_huts,8.695652174,-114.6666667,-411.1111111,60.41860465,pirimiphosmethyl,1.333333333,1.333333333,,92,6,77,2,100,63,65,7,0.120156522,0.007669565,0.204782609,0.614347826,0.212452174,0.120156522,0.667391304
90,UNPUBLISHED_Sarah_Moore,Anopheles_arabiensis,pirimiphos-methyl,,Ifakara,Tanzania,Ifakara_huts,-71.64948454,-252.7272727,-1008.571429,20.10045203,pirimiphosmethyl,1.366666667,1.366666667,,194,13,173,5,55,14,34,4,0.118556701,0,0.06185567,1.536082474,0.06185567,0.118556701,0.819587629
91,UNPUBLISHED_Sarah_Moore,Anopheles_arabiensis,pirimiphos-methyl,,Ifakara,Tanzania,Ifakara_huts,45.73643411,-13.21808511,-8.403361345,31.95006154,pirimiphosmethyl,1.4,1.4,,129,8,69,7,188,68,89,4,0.423207913,0.004550623,0.091951179,0.037522679,0.096501802,0.423207913,0.480290285
92,UNPUBLISHED_Sarah_Moore,Anopheles_arabiensis,pirimiphos-methyl,,Ifakara,Tanzania,Ifakara_huts,49.45054945,42.00980392,48.29545455,39.95098039,pirimiphosmethyl,1.433333333,1.433333333,,91,13,46,8,136,66,97,3,0.384755005,0.002850037,0.234243697,-0.047268908,0.237093735,0.384755005,0.378151261
93,UNPUBLISHED_Sarah_Moore,Anopheles_arabiensis,pirimiphos-methyl,,Ifakara,Tanzania,Ifakara_huts,-26.92307692,-18.59649123,-10.93333333,19.78221416,pirimiphosmethyl,1.533333333,1.533333333,,104,17,74,15,76,25,50,4,0.251012146,0.008097166,0.279352227,0.688259109,0.287449393,0.251012146,0.461538462
94,UNPUBLISHED_Sarah_Moore,Anopheles_arabiensis,pirimiphos-methyl,,Ifakara,Tanzania,Ifakara_huts,-40.625,-62.18323587,-1.587301587,34.09610984,pirimiphosmethyl,1.566666667,1.566666667,,96,4,69,9,57,21,31,2,0.275584795,0,0.087719298,1.007309942,0.087719298,0.275584795,0.636695906
95,UNPUBLISHED_Sarah_Moore,Anopheles_arabiensis,pirimiphos-methyl,,Ifakara,Tanzania,Ifakara_huts,127.7777778,-154.0069686,-1618.181818,14.72795497,pirimiphosmethyl,1.6,1.6,,54,2,40,6,123,22,42,42,0.234428361,0.005860709,0.107497742,-0.50767841,0.113358451,0.234428361,0.652213189
96,UNPUBLISHED_Sarah_Moore,Anopheles_arabiensis,pirimiphos-methyl,,Ifakara,Tanzania,Ifakara_huts,24.65753425,-78.95181741,-407.826087,18.58290963,pirimiphosmethyl,1.633333333,1.633333333,,73,6,60,5,91,23,62,8,0.160899766,0.00739769,0.121631793,0.477043504,0.129029483,0.160899766,0.710070751
97,UNPUBLISHED_Sarah_Moore,Anopheles_arabiensis,pirimiphos-methyl,,Ifakara,Tanzania,Ifakara_huts,-34.16666667,-112.6582278,-135.2941176,6.755232485,pirimiphosmethyl,1.666666667,1.666666667,,120,19,95,9,79,17,44,3,0.240506329,0,0.161603376,0.913924051,0.161603376,0.240506329,0.597890295
98,UNPUBLISHED_Sarah_Moore,Anopheles_arabiensis,pirimiphos-methyl,,Ifakara,Tanzania,Ifakara_huts,-23.52941176,-40.10989011,-242.8571429,16.90705128,pirimiphosmethyl,1.766666667,1.766666667,,102,6,88,7,78,17,63,4,0.135495224,0.001759678,0.039215686,1.058823529,0.040975365,0.135495224,0.823529412
99,UNPUBLISHED_Sarah_Moore,Anopheles_arabiensis,pirimiphos-methyl,,Ifakara,Tanzania,Ifakara_huts,-25.58139535,-251.4423077,-1674.603175,0.126689189,pirimiphosmethyl,1.8,1.8,,86,12,73,7,64,9,30,13,0.148800872,0,0.14153343,0.961482558,0.14153343,0.148800872,0.709665698
100,UNPUBLISHED_Sarah_Moore,Anopheles_arabiensis,pirimiphos-methyl,,Ifakara,Tanzania,Ifakara_huts,-10.57692308,-94.22750424,-116.6666667,28.73708623,pirimiphosmethyl,1.833333333,1.833333333,,104,2,85,12,93,28,60,7,0.195616212,0,0.084160463,0.818031431,0.084160463,0.195616212,0.720223325
101,UNPUBLISHED_Sarah_Moore,Anopheles_arabiensis,pirimiphos-methyl,,Ifakara,Tanzania,Ifakara_huts,5.072463768,-57.24137931,-2890,-4.991789819,pirimiphosmethyl,1.866666667,1.866666667,,138,12,115,30,145,6,107,39,0.209895052,0.017991004,0.054872564,0.509745127,0.072863568,0.209895052,0.717241379
102,UNPUBLISHED_Sarah_Moore,Anopheles_arabiensis,pirimiphos-methyl,,Ifakara,Tanzania,Ifakara_huts,196.2264151,64.99174334,-119.1729323,10.72894551,pirimiphosmethyl,1.9,1.9,,53,8,26,7,157,38,129,11,0.475022524,0.003045016,0.129431559,-1.519769259,0.132476575,0.475022524,0.392500901
103,UNPUBLISHED_Sarah_Moore,Anopheles_arabiensis,pirimiphos-methyl,,Ifakara,Tanzania,Ifakara_huts,-1.428571429,9.518213866,-353.7037037,5.928853755,pirimiphosmethyl,2,2,,140,30,103,12,138,36,105,14,0.213405797,0.027536232,0.215217391,0.557608696,0.242753623,0.213405797,0.54384058
104,UNPUBLISHED_Sarah_Moore,Anopheles_arabiensis,pirimiphos-methyl,,Ifakara,Tanzania,Ifakara_huts,-6.25,-6.666666667,-115.661104,12.15686275,pirimiphosmethyl,2.033333333,2.033333333,,160,24,103,41,150,38,93,21,0.36112,0.01088,0.134666667,0.54,0.145546667,0.36112,0.493333333
105,UNPUBLISHED_Sarah_Moore,Anopheles_arabiensis,pirimiphos-methyl,,Ifakara,Tanzania,Ifakara_huts,92.56198347,-39.47271613,-551.0204082,7.229467894,pirimiphosmethyl,2.066666667,2.066666667,,121,18,86,11,233,49,139,29,0.271426764,0.004741079,0.155251304,-0.341148512,0.159992382,0.271426764,0.568580853
106,UNPUBLISHED_Sarah_Moore,Anopheles_arabiensis,pirimiphos-methyl,,Ifakara,Tanzania,Ifakara_huts,46.82539683,-30.41978148,-389.527027,38.03278689,pirimiphosmethyl,2.1,2.1,,126,4,79,16,185,74,95,46,0.383955384,0,0.044658945,0.107507508,0.044658945,0.383955384,0.571385671
107,UNPUBLISHED_Sarah_Moore,Anopheles_arabiensis,pirimiphos-methyl,,Ifakara,Tanzania,Ifakara_huts,31.25,16.37630662,-201.9607843,5.389848247,pirimiphosmethyl,2.133333333,2.133333333,,112,21,71,24,147,34,102,22,0.351129738,0,0.189929543,0.145590379,0.189929543,0.351129738,0.458940719
108,UNPUBLISHED_Sarah_Moore,Anopheles_arabiensis,pirimiphos-methyl,,Ifakara,Tanzania,Ifakara_huts,48.87218045,-4.330539437,-89.45868946,23.83679313,pirimiphosmethyl,2.233333333,2.233333333,,133,6,86,26,198,54,125,20,0.339864814,0.027189185,0.079251158,0.081567555,0.106440343,0.339864814,0.553694843
109,UNPUBLISHED_Sarah_Moore,Anopheles_arabiensis,pirimiphos-methyl,,Ifakara,Tanzania,Ifakara_huts,-14.50381679,-94.94047619,-578.0538302,23.48130841,pirimiphosmethyl,2.266666667,2.266666667,,131,24,98,23,112,42,57,50,0.225692281,0.008358973,0.163713195,0.715171756,0.172072169,0.225692281,0.602235551
110,UNPUBLISHED_Sarah_Moore,Anopheles_arabiensis,pirimiphos-methyl,,Ifakara,Tanzania,Ifakara_huts,34.58646617,-15.58038485,-407.8181818,25.69832402,pirimiphosmethyl,2.3,2.3,,133,4,88,22,179,50,109,42,0.298354575,0.005085589,0.050573361,0.282269921,0.05565895,0.298354575,0.645986475
111,UNPUBLISHED_Sarah_Moore,Anopheles_arabiensis,pirimiphos-methyl,,Ifakara,Tanzania,Ifakara_huts,147.7941176,-0.890207715,-728.952381,7.905348855,pirimiphosmethyl,2.333333333,2.333333333,,136,19,98,15,337,70,242,64,0.276254964,0.004160466,0.120919881,-0.8115727,0.125080348,0.276254964,0.598664688
112,UNPUBLISHED_Sarah_Moore,Anopheles_arabiensis,pirimiphos-methyl,,Ifakara,Tanzania,Ifakara_huts,210.6382979,-15.89041096,-351.010101,5.411804499,pirimiphosmethyl,2.366666667,2.366666667,,94,13,59,22,292,54,166,57,0.36867721,0.015503787,0.121065287,-1.571407753,0.136569074,0.36867721,0.494753716
113,UNPUBLISHED_Sarah_Moore,Anopheles_arabiensis,pirimiphos-methyl,,Ifakara,Tanzania,Ifakara_huts,8.064516129,-18.97654584,-447.0588235,-4.417103671,pirimiphosmethyl,2.466666667,2.466666667,,186,38,130,37,201,34,129,37,0.314907568,0.001574538,0.212004494,0.307173808,0.213579031,0.314907568,0.471513401
114,UNPUBLISHED_Sarah_Moore,Anopheles_arabiensis,pirimiphos-methyl,,Ifakara,Tanzania,Ifakara_huts,-10.38961039,-113.8888889,-913.1578947,-2.151616499,pirimiphosmethyl,2.5,2.5,,154,24,118,40,138,19,69,50,0.322981366,0.00621118,0.144927536,0.596273292,0.151138716,0.322981366,0.525879917
115,UNPUBLISHED_Sarah_Moore,Anopheles_arabiensis,pirimiphos-methyl,,Ifakara,Tanzania,Ifakara_huts,73.33333333,-82.69230769,-915.6739812,14.80322004,pirimiphosmethyl,2.533333333,2.533333333,,90,4,72,11,156,29,99,36,0.231979144,0.00149664,0.04465812,-0.010612536,0.046154759,0.231979144,0.721866097
116,UNPUBLISHED_Sarah_Moore,Anopheles_arabiensis,pirimiphos-methyl,,Ifakara,Tanzania,Ifakara_huts,25,4.864864865,-450,4.390243902,pirimiphosmethyl,2.566666667,2.566666667,,88,6,51,40,110,12,66,30,0.49607438,0,0.066735537,0.141735537,0.066735537,0.49607438,0.437190083
117,UNPUBLISHED_Sarah_Moore,Anopheles_arabiensis,pirimiphos-methyl,,Ifakara,Tanzania,Ifakara_huts,-12.29508197,17.90654206,-244.7174447,19.23676012,pirimiphosmethyl,2.6,2.6,,122,2,72,37,107,22,71,23,0.471962617,0,0.015474184,0.572544814,0.015474184,0.471962617,0.512563199
118,UNPUBLISHED_Sarah_Moore,Anopheles_arabiensis,pirimiphos-methyl,,Ifakara,Tanzania,Ifakara_huts,16.66666667,-11.42857143,-115.0782361,25.93619972,pirimiphosmethyl,2.7,2.7,,108,5,68,38,126,37,74,28,0.490740741,0,0.027777778,0.314814815,0.027777778,0.490740741,0.481481481
119,UNPUBLISHED_Sarah_Moore,Anopheles_arabiensis,pirimiphos-methyl,,Ifakara,Tanzania,Ifakara_huts,23.17073171,16.87883074,-246.0358056,18.81188119,pirimiphosmethyl,2.733333333,2.733333333,,82,4,40,34,101,23,58,33,0.584849405,0.030460907,0.011832891,0.118328906,0.042293797,0.584849405,0.372856798
120,UNPUBLISHED_Sarah_Moore,Anopheles_arabiensis,pirimiphos-methyl,,Ifakara,Tanzania,Ifakara_huts,-7.633587786,14.93506494,-420.0992556,20.88366179,pirimiphosmethyl,2.766666667,2.766666667,,131,1,89,31,121,26,88,32,0.371269951,0,0.023279288,0.573780834,0.023279288,0.371269951,0.60545076
121,UNPUBLISHED_Sarah_Moore,Anopheles_arabiensis,pirimiphos-methyl,,Ifakara,Tanzania,Ifakara_huts,78.04878049,10.4880137,-189.8989899,13.26512918,pirimiphosmethyl,2.8,2.8,,82,3,50,33,146,24,95,28,0.533822641,0.011199076,0,-0.32701303,0.011199076,0.533822641,0.454978283
122,UNPUBLISHED_Sarah_Moore,Anopheles_arabiensis,pirimiphos-methyl,,Ifakara,Tanzania,Ifakara_huts,197.4683544,51.97568389,-191.6923077,8.486997636,pirimiphosmethyl,2.833333333,2.833333333,,79,7,44,25,235,39,185,36,0.557500673,0.012388904,0.049555615,-1.573390789,0.061944519,0.557500673,0.380554807
123,UNPUBLISHED_Sarah_Moore,Anopheles_arabiensis,pirimiphos-methyl,,Ifakara,Tanzania,Ifakara_huts,0.662251656,52.69423559,-16.88951443,31.3370743,pirimiphosmethyl,2.933333333,2.933333333,,151,15,88,49,152,58,122,22,0.464011851,0.018560474,0.075418264,0.389769955,0.093978738,0.464011851,0.442009411
124,UNPUBLISHED_Sarah_Moore,Anopheles_arabiensis,pirimiphos-methyl,,Ifakara,Tanzania,Ifakara_huts,-2.941176471,-42.65734266,-991.5789474,13.75982043,pirimiphosmethyl,2.966666667,2.966666667,,136,1,97,40,132,19,78,61,0.298351159,0,0.045454545,0.504901961,0.045454545,0.298351159,0.656194296
125,UNPUBLISHED_Sarah_Moore,Anopheles_arabiensis,pirimiphos-methyl,,Ifakara,Tanzania,Ifakara_huts,52.40963855,-45.03848554,-641.0032214,12.51646904,pirimiphosmethyl,3,3,,166,16,109,41,253,53,127,97,0.272114784,0.048900503,0.154864517,0.112433925,0.20376502,0.272114784,0.524120196
126,UNPUBLISHED_Sarah_Moore,Anopheles_arabiensis,pirimiphos-methyl,,Ifakara,Tanzania,Ifakara_huts,54.54545455,-41.39433551,-533.8741077,9.909502262,pirimiphosmethyl,3.033333333,3.033333333,,132,2,78,67,204,23,86,74,0.483511586,0,0.089943553,-0.149658348,0.089943553,0.483511586,0.42654486
127,UNPUBLISHED_Sarah_Moore,Anopheles_arabiensis,pirimiphos-methyl,,Ifakara,Tanzania,Ifakara_huts,-0.862068966,1.856639248,-92.22857143,25.28180354,pirimiphosmethyl,3.066666667,3.066666667,,116,8,79,50,115,35,79,29,0.465517241,0.017241379,0.051724138,0.474137931,0.068965517,0.465517241,0.465517241
128,UNPUBLISHED_Sarah_Moore,Anopheles_arabiensis,pirimiphos-methyl,,Ifakara,Tanzania,Ifakara_huts,-16.51376147,17.48473748,-171.3203463,18.97220427,pirimiphosmethyl,3.166666667,3.166666667,,109,7,64,42,91,22,60,23,0.456094364,0,0.037705414,0.526867628,0.037705414,0.456094364,0.506200222
129,UNPUBLISHED_Sarah_Moore,Anopheles_arabiensis,pirimiphos-methyl,,Ifakara,Tanzania,Ifakara_huts,53.52112676,-9.431192661,-678.8265306,3.311353211,pirimiphosmethyl,3.2,3.2,,71,7,46,28,109,14,67,43,0.448269281,0.008378865,0.024034113,-0.084119395,0.032412978,0.448269281,0.519317741
130,UNPUBLISHED_Sarah_Moore,Anopheles_arabiensis,pirimiphos-methyl,,Ifakara,Tanzania,Ifakara_huts,6.451612903,-116.7832168,-300.4166667,33.12788906,pirimiphosmethyl,3.233333333,3.233333333,,62,3,49,20,66,24,36,31,0.310565331,0.025456175,0.045454545,0.458699902,0.07091072,0.310565331,0.618523949
131,UNPUBLISHED_Sarah_Moore,Anopheles_arabiensis,pirimiphos-methyl,,Ifakara,Tanzania,Ifakara_huts,83.13253012,-21.34502924,-137.1428571,23.55263158,pirimiphosmethyl,3.266666667,3.266666667,,83,8,56,35,152,47,92,47,0.525047559,0,0.057070387,-0.422320862,0.057070387,0.525047559,0.417882055
132,UNPUBLISHED_Sarah_Moore,Anopheles_arabiensis,pirimiphos-methyl,,Ifakara,Tanzania,Ifakara_huts,28.78787879,2.941176471,-170,18.59582543,pirimiphosmethyl,3.3,3.3,,66,4,46,22,85,20,60,18,0.413547237,0,0.057040998,0.199643494,0.057040998,0.413547237,0.529411765
133,UNPUBLISHED_Sarah_Moore,Anopheles_arabiensis,pirimiphos-methyl,,Ifakara,Tanzania,Ifakara_huts,80,35.8974359,9.677419355,41.5954416,pirimiphosmethyl,3.4,3.4,,40,1,27,10,72,31,57,7,0.335551698,0.029031636,0,-0.170138889,0.029031636,0.335551698,0.635416667
134,UNPUBLISHED_Sarah_Moore,Anopheles_arabiensis,pirimiphos-methyl,,Ifakara,Tanzania,Ifakara_huts,15.58441558,-73.03370787,-336.437247,26.34375949,pirimiphosmethyl,3.433333333,3.433333333,,77,3,57,19,89,26,49,28,0.291842988,0.01167372,0.02247191,0.455275062,0.03414563,0.291842988,0.674011382
135,UNPUBLISHED_Sarah_Moore,Anopheles_arabiensis,pirimiphos-methyl,,Ifakara,Tanzania,Ifakara_huts,55.73770492,19.0389016,-285.2631579,16.96914701,pirimiphosmethyl,3.466666667,3.466666667,,61,3,38,19,95,20,66,24,0.386227692,0.004108805,0.030025884,-0.015012942,0.03413469,0.386227692,0.579637619
136,UNPUBLISHED_Sarah_Moore,Anopheles_arabiensis,pirimiphos-methyl,,Ifakara,Tanzania,Ifakara_huts,45.33333333,33.10397554,-472.6600985,7.933841582,pirimiphosmethyl,3.5,3.5,,75,4,39,29,109,14,74,31,0.48440367,0,0.033394495,-0.012110092,0.033394495,0.48440367,0.482201835
137,UNPUBLISHED_Sarah_Moore,Anopheles_arabiensis,pirimiphos-methyl,,Ifakara,Tanzania,Ifakara_huts,40.35087719,31.29464286,-204.8128342,18.38636364,pirimiphosmethyl,3.533333333,3.533333333,,57,2,29,33,80,17,53,30,0.528947368,0.014692982,0.014692982,-0.05877193,0.029385965,0.528947368,0.441666667
138,UNPUBLISHED_Sarah_Moore,Anopheles_arabiensis,pirimiphos-methyl,,Ifakara,Tanzania,Ifakara_huts,55.26315789,-15.93220339,-54.375,26.12163509,pirimiphosmethyl,3.633333333,3.633333333,,38,4,33,16,59,20,50,13,0.385370205,0,0.096342551,-0.072256913,0.096342551,0.385370205,0.518287244
139,UNPUBLISHED_Sarah_Moore,Anopheles_arabiensis,pirimiphos-methyl,,Ifakara,Tanzania,Ifakara_huts,-56.71641791,-40.62968516,-163.2142857,32.4668435,pirimiphosmethyl,3.666666667,3.666666667,,67,2,44,28,29,10,15,11,0.456173354,0.016291906,0.082861554,0.972722594,0.09915346,0.456173354,0.444673186
140,UNPUBLISHED_Sarah_Moore,Anopheles_arabiensis,pirimiphos-methyl,,Ifakara,Tanzania,Ifakara_huts,-4,-36.71875,-313.0434783,15.78014184,pirimiphosmethyl,3.7,3.7,,50,3,34,23,48,10,27,19,0.489583333,0.010416667,0.04,0.5,0.050416667,0.489583333,0.46
141,UNPUBLISHED_Sarah_Moore,Anopheles_arabiensis,pirimiphos-methyl,,Ifakara,Tanzania,Ifakara_huts,10.52631579,-56.27705628,-455.3846154,19.57671958,pirimiphosmethyl,3.733333333,3.733333333,,38,2,27,13,42,10,23,19,0.349087003,0.026852846,0.050125313,0.426065163,0.07697816,0.349087003,0.573934837
142,UNPUBLISHED_Sarah_Moore,Anopheles_arabiensis,pirimiphos-methyl,,Ifakara,Tanzania,Ifakara_huts,53.125,30.6122449,#DIV/0!,0.734693878,pirimiphosmethyl,3.766666667,3.766666667,,32,7,16,0,49,11,32,22,0.326049042,0.013874427,0.223852041,-0.089923469,0.237726468,0.326049042,0.43622449
143,UNPUBLISHED_Sarah_Moore,Anopheles_arabiensis,pirimiphos-methyl,,Ifakara,Tanzania,Ifakara_huts,1.162790698,6.352087114,-232.9032258,23.3908046,pirimiphosmethyl,3.866666667,3.866666667,,86,6,67,31,87,25,69,30,0.281533919,0.036562847,0.161721465,0.545308741,0.198284311,0.281533919,0.52018177
144,UNPUBLISHED_Sarah_Moore,Anopheles_arabiensis,pirimiphos-methyl,,Ifakara,Tanzania,Ifakara_huts,-3.048780488,-19.14985903,-333.7190083,27.22923178,pirimiphosmethyl,3.9,3.9,,164,1,106,55,159,44,92,64,0.382698469,0.022961908,0.061550851,0.444316613,0.08451276,0.382698469,0.532788771
145,UNPUBLISHED_Sarah_Moore,Anopheles_arabiensis,pirimiphos-methyl,,Ifakara,Tanzania,Ifakara_huts,131.9327731,-0.603864734,-315.1162791,11.87706585,pirimiphosmethyl,3.933333333,3.933333333,,119,5,77,64,276,43,178,96,0.449545414,0.034256803,0.010869565,-0.742814517,0.045126368,0.449545414,0.505328218
146,UNPUBLISHED_Sarah_Moore,Anopheles_arabiensis,pirimiphos-methyl,,Ifakara,Tanzania,Ifakara_huts,37.7245509,6.800778715,-611.7199391,9.015029522,pirimiphosmethyl,3.966666667,3.966666667,,167,5,100,73,230,27,144,84,0.462012836,0.008177218,0.026217131,0.076542567,0.034394349,0.462012836,0.503592814
147,UNPUBLISHED_Sarah_Moore,Anopheles_arabiensis,pirimiphos-methyl,,Ifakara,Tanzania,Ifakara_huts,78.49462366,-10.40042523,-454.7064306,12.78066813,pirimiphosmethyl,4,4,,93,5,59,37,166,29,99,64,0.404209141,0.02136412,0.018914367,-0.255343956,0.040278487,0.404209141,0.555512372
148,UNPUBLISHED_Sarah_Moore,Anopheles_arabiensis,pirimiphos-methyl,,Ifakara,Tanzania,Ifakara_huts,127.6923077,34.82999128,-95.23809524,12.96068796,pirimiphosmethyl,4.1,4.1,,65,10,34,35,148,39,102,41,0.550516941,0.016634826,0.025779626,-0.824948025,0.042414452,0.550516941,0.407068607
149,UNPUBLISHED_Sarah_Moore,Anopheles_arabiensis,pirimiphos-methyl,,Ifakara,Tanzania,Ifakara_huts,69.49152542,-21.6875,-219.3732194,20.61818182,pirimiphosmethyl,4.133333333,4.133333333,,59,4,43,27,100,26,67,38,0.449237288,0.023644068,0.030508475,-0.228813559,0.054152542,0.449237288,0.496610169
150,UNPUBLISHED_Sarah_Moore,Anopheles_arabiensis,pirimiphos-methyl,,Ifakara,Tanzania,Ifakara_huts,94.73684211,18.69369369,-297.5384615,11.03920822,pirimiphosmethyl,4.166666667,4.166666667,,76,5,40,39,148,25,91,51,0.49149999,0.003343537,0.066056188,-0.477329303,0.069399725,0.49149999,0.439100284
151,UNPUBLISHED_Sarah_Moore,Anopheles_arabiensis,pirimiphos-methyl,,Ifakara,Tanzania,Ifakara_huts,51.42857143,-14.59489456,-110,27.29178578,pirimiphosmethyl,4.2,4.2,,105,6,71,51,159,50,100,51,0.458926994,0.067637846,0.026774483,-0.098173106,0.094412329,0.458926994,0.446660677
152,UNPUBLISHED_Sarah_Moore,Anopheles_arabiensis,pirimiphos-methyl,,Ifakara,Tanzania,Ifakara_huts,140.8602151,-12.84340659,-210.7616708,14.43270906,pirimiphosmethyl,4.233333333,4.233333333,,93,11,54,37,224,55,118,68,0.422461323,0.012686526,0.178139401,-0.852534562,0.190825927,0.422461323,0.38671275
153,UNPUBLISHED_Sarah_Moore,Anopheles_arabiensis,pirimiphos-methyl,,Ifakara,Tanzania,Ifakara_huts,67.07317073,-33.00892133,-166.2337662,17.49852042,pirimiphosmethyl,4.333333333,4.333333333,,82,8,55,44,137,35,77,50,0.418728859,0,0.236247107,-0.256364607,0.236247107,0.418728859,0.345024034
154,UNPUBLISHED_Sarah_Moore,Anopheles_arabiensis,pirimiphos-methyl,,Ifakara,Tanzania,Ifakara_huts,-5.940594059,-48.08270677,-519.7727273,7.932718394,pirimiphosmethyl,4.366666667,4.366666667,,101,4,73,40,95,11,56,27,0.462428348,0,0.057321522,0.471495571,0.057321522,0.462428348,0.48025013
155,UNPUBLISHED_Sarah_Moore,Anopheles_arabiensis,pirimiphos-methyl,,Ifakara,Tanzania,Ifakara_huts,62.5,8.831908832,-49.73262032,35.22267206,pirimiphosmethyl,4.4,4.4,,64,7,37,34,104,44,64,35,0.588659162,0.050914155,0.107572115,-0.342097356,0.15848627,0.588659162,0.252854567
156,UNPUBLISHED_Sarah_Moore,Anopheles_arabiensis,pirimiphos-methyl,,Ifakara,Tanzania,Ifakara_huts,-15.85365854,42.10330732,-59.08289242,22.91421857,pirimiphosmethyl,4.433333333,4.433333333,,82,8,43,54,69,21,50,22,0.615078816,0.040983397,0.082361258,0.365146695,0.123344655,0.615078816,0.261576529
157,UNPUBLISHED_Sarah_Moore,Anopheles_arabiensis,pirimiphos-methyl,,Ifakara,Tanzania,Ifakara_huts,98.41269841,25.8,-369.4711538,15.43050847,pirimiphosmethyl,4.466666667,4.466666667,,63,4,27,32,125,26,72,62,0.549079365,0.01168254,0.05968254,-0.560761905,0.071365079,0.549079365,0.379555556
158,UNPUBLISHED_Sarah_Moore,Anopheles_arabiensis,pirimiphos-methyl,,Ifakara,Tanzania,Ifakara_huts,109.8360656,6.520432692,-53.04659498,18.90076754,pirimiphosmethyl,4.6,4.6,,61,4,35,18,128,31,77,14,0.555945224,0.004377521,0.063652664,-0.704405738,0.068030185,0.555945224,0.37602459
159,UNPUBLISHED_Sarah_Moore,Anopheles_arabiensis,pirimiphos-methyl,,Ifakara,Tanzania,Ifakara_huts,36.84210526,-17.1988389,-339.0151515,20.45609258,pirimiphosmethyl,4.633333333,4.633333333,,114,1,61,48,156,33,71,61,0.500084345,0.006494602,0.064102564,-0.032894737,0.070597166,0.500084345,0.429318489
160,UNPUBLISHED_Sarah_Moore,Anopheles_arabiensis,pirimiphos-methyl,,Ifakara,Tanzania,Ifakara_huts,152.1472393,-2.899980272,-925.4523026,5.466036206,pirimiphosmethyl,4.666666667,4.666666667,,163,4,89,76,411,32,219,153,0.48241522,0.009576481,0.043437374,-0.904945293,0.053013855,0.48241522,0.464570925
161,UNPUBLISHED_Sarah_Moore,Anopheles_arabiensis,pirimiphos-methyl,,Ifakara,Tanzania,Ifakara_huts,141.25,-89.35468676,-558.8235294,9.735478593,pirimiphosmethyl,4.7,4.7,,160,8,116,68,386,55,185,154,0.423585197,0.017379829,0.068814767,-0.79015544,0.086194596,0.423585197,0.490220207
162,UNPUBLISHED_Sarah_Moore,Anopheles_arabiensis,pirimiphos-methyl,,Ifakara,Tanzania,Ifakara_huts,26.75159236,29.99504565,-357.5591985,15.94902618,pirimiphosmethyl,4.733333333,4.733333333,,157,4,86,61,199,36,136,64,0.456187412,0.011757408,0.03709631,0.153186314,0.048853717,0.456187412,0.494958871
163,UNPUBLISHED_Sarah_Moore,Anopheles_arabiensis,pirimiphos-methyl,,Ifakara,Tanzania,Ifakara_huts,86.72566372,-23.47288046,-320.3869048,23.84451498,pirimiphosmethyl,4.8,4.8,,113,4,77,36,211,56,128,75,0.34856177,0.025468343,0.055026633,-0.257685694,0.080494976,0.34856177,0.570943254
164,UNPUBLISHED_Sarah_Moore,Anopheles_arabiensis,pirimiphos-methyl,,Ifakara,Tanzania,Ifakara_huts,57.25806452,-8.836291913,-278.7960467,18.24175824,pirimiphosmethyl,4.833333333,4.833333333,,124,5,72,53,195,42,106,68,0.440860215,0.006782465,0.064846981,-0.101736973,0.071629446,0.440860215,0.487510339
165,UNPUBLISHED_Sarah_Moore,Anopheles_arabiensis,pirimiphos-methyl,,Ifakara,Tanzania,Ifakara_huts,120.5882353,-7.368421053,-168.524971,25.81818182,pirimiphosmethyl,4.866666667,4.866666667,,102,3,64,41,225,63,135,68,0.47215144,0.017129605,0.0616122,-0.677821351,0.078741806,0.47215144,0.449106754
166,UNPUBLISHED_Sarah_Moore,Anopheles_arabiensis,pirimiphos-methyl,,Ifakara,Tanzania,Ifakara_huts,34.69387755,24.14361001,-248.4444444,24.98421717,pirimiphosmethyl,4.9,4.9,,98,2,52,45,132,35,85,56,0.411747344,0.034681228,0.053571429,0.102813853,0.088252656,0.411747344,0.5
167,UNPUBLISHED_Sarah_Moore,Anopheles_arabiensis,pirimiphos-methyl,,Ifakara,Tanzania,Ifakara_huts,44.92753623,38.07692308,-131.1004785,14.01538462,pirimiphosmethyl,4.933333333,4.933333333,,69,4,30,44,100,19,65,28,0.653913043,0.027246377,0.01,-0.163478261,0.037246377,0.653913043,0.30884058
168,UNPUBLISHED_Sarah_Moore,Anopheles_arabiensis,pirimiphos-methyl,,Ifakara,Tanzania,Ifakara_huts,66.66666667,-16.84210526,-240.2777778,20,pirimiphosmethyl,5.033333333,5.033333333,,60,3,41,36,100,24,63,49,0.4884,0.018266667,0.04,-0.24,0.058266667,0.4884,0.453333333
169,UNPUBLISHED_Sarah_Moore,Anopheles_arabiensis,pirimiphos-methyl,,Ifakara,Tanzania,Ifakara_huts,89.77272727,-14.68827052,-71.80952381,28.31082022,pirimiphosmethyl,5.066666667,5.066666667,,88,2,54,42,167,50,93,41,0.493285883,0.012702141,0.08757485,-0.428143713,0.100276991,0.493285883,0.406437126
170,UNPUBLISHED_Sarah_Moore,Anopheles_arabiensis,pirimiphos-methyl,,Ifakara,Tanzania,Ifakara_huts,39.66942149,-73.22008017,-216.3903061,16.87393441,pirimiphosmethyl,5.1,5.1,,121,3,90,49,169,32,94,41,0.477602672,0.008631374,0.051445058,0.079710499,0.060076432,0.477602672,0.462320896
171,UNPUBLISHED_Sarah_Moore,Anopheles_arabiensis,pirimiphos-methyl,,Ifakara,Tanzania,Ifakara_huts,36.98630137,19.31578947,-48.36456018,20.78723404,pirimiphosmethyl,5.133333333,5.133333333,,146,5,89,67,200,47,137,32,0.522960616,0.033032534,0.053082192,0.032705479,0.086114726,0.522960616,0.390924658
172,UNPUBLISHED_Sarah_Moore,Anopheles_arabiensis,pirimiphos-methyl,,Ifakara,Tanzania,Ifakara_huts,48.31460674,-56.14035088,-205.2051439,23.90129364,pirimiphosmethyl,5.166666667,5.166666667,,178,7,121,69,264,71,132,84,0.413119964,0.022273295,0.121893088,-0.028089888,0.144166383,0.413119964,0.442713653
173,UNPUBLISHED_Sarah_Moore,Anopheles_arabiensis,pirimiphos-methyl,,Ifakara,Tanzania,Ifakara_huts,113.1868132,-19.40018744,-110,25.29591447,pirimiphosmethyl,5.5,5.5,,91,10,58,52,194,65,110,78,0.49544801,0.044939437,0.110739776,-0.687039764,0.155679213,0.49544801,0.348872777
174,UNPUBLISHED_Sarah_Moore,Anopheles_arabiensis,pirimiphos-methyl,,Ifakara,Tanzania,Ifakara_huts,42.85714286,28.44444444,-351.6129032,31,pirimiphosmethyl,5.533333333,5.533333333,,70,0,25,18,100,31,54,36,0.632365714,0.026348571,0.06,-0.131571429,0.086348571,0.632365714,0.281285714
175,UNPUBLISHED_Sarah_Moore,Anopheles_arabiensis,pirimiphos-methyl,,Ifakara,Tanzania,Ifakara_huts,51.13636364,13.98496241,-199.1758242,35.42893378,pirimiphosmethyl,5.566666667,5.566666667,,88,5,38,56,133,52,68,99,0.414255906,0.09121231,0.187628161,-0.072710185,0.278840471,0.414255906,0.306903623
176,UNPUBLISHED_Sarah_Moore,Anopheles_arabiensis,pirimiphos-methyl,,Ifakara,Tanzania,Ifakara_huts,19.32773109,7.816901408,-299.8655914,24.07608041,pirimiphosmethyl,5.6,5.6,,119,2,59,62,142,36,76,75,0.478046406,0.042725283,0.0135519,0.097644692,0.056277183,0.478046406,0.465676411
177,UNPUBLISHED_Sarah_Moore,Anopheles_arabiensis,pirimiphos-methyl,,Ifakara,Tanzania,Ifakara_huts,65.34653465,2.408818726,-226.6725742,20.58307627,pirimiphosmethyl,5.633333333,5.633333333,,101,2,57,61,167,37,96,73,0.588319892,0.021924965,0.040671133,-0.316416672,0.062596098,0.588319892,0.34908401
178,UNPUBLISHED_Sarah_Moore,Anopheles_arabiensis,pirimiphos-methyl,,Ifakara,Tanzania,Ifakara_huts,31.42857143,-12.04013378,-80.70652174,19.01856089,pirimiphosmethyl,5.733333333,5.733333333,,175,4,84,115,230,48,96,57,0.688966568,0.008250824,0.063552795,-0.083875776,0.071803619,0.688966568,0.239229814
179,UNPUBLISHED_Sarah_Moore,Anopheles_arabiensis,pirimiphos-methyl,,Ifakara,Tanzania,Ifakara_huts,-22.09302326,-71.14427861,-156.0658853,28.9445629,pirimiphosmethyl,5.8,5.8,,172,4,115,77,134,41,58,47,0.426717506,0.006465417,0.128427629,0.505380076,0.134893046,0.426717506,0.438389448
180,UNPUBLISHED_Sarah_Moore,Anopheles_arabiensis,pirimiphos-methyl,,Ifakara,Tanzania,Ifakara_huts,28.30188679,-10.19269777,-153.8149351,36.54788839,pirimiphosmethyl,5.833333333,5.833333333,,159,3,101,48,204,77,122,59,0.388253248,0.01176525,0.074824269,0.192008879,0.086589519,0.388253248,0.525157233
181,UNPUBLISHED_Sarah_Moore,Anopheles_arabiensis,pirimiphos-methyl,,Ifakara,Tanzania,Ifakara_huts,48.69565217,-4.239766082,11.65172855,38.86230728,pirimiphosmethyl,5.866666667,5.866666667,,115,5,55,33,171,71,78,18,0.450835709,0.008050638,0.211289092,-0.071700992,0.21933973,0.450835709,0.329824561
182,UNPUBLISHED_Sarah_Moore,Anopheles_arabiensis,pirimiphos-methyl,,Ifakara,Tanzania,Ifakara_huts,145.112782,-40.09723348,-290.8115672,18.71873525,pirimiphosmethyl,5.9,5.9,,133,3,80,64,326,67,144,126,0.53460404,0.031243093,0.06552424,-0.975598505,0.096767333,0.53460404,0.368628627
183,UNPUBLISHED_Sarah_Moore,Anopheles_arabiensis,pirimiphos-methyl,,Ifakara,Tanzania,Ifakara_huts,15.04424779,-20.03663004,-66.02387511,44.57657022,pirimiphosmethyl,5.966666667,5.966666667,,226,8,121,99,260,121,115,88,0.443813164,0.069120804,0.103335602,0.187202178,0.172456407,0.443813164,0.383730429
184,UNPUBLISHED_Sarah_Moore,Anopheles_arabiensis,pirimiphos-methyl,,Ifakara,Tanzania,Ifakara_huts,58.85714286,-59.09090909,-56.68481549,31.83559661,pirimiphosmethyl,6,6,,175,6,120,87,278,95,139,74,0.422728785,0.005945418,0.154367934,-0.128160329,0.160313353,0.422728785,0.416957862
185,UNPUBLISHED_Sarah_Moore,Anopheles_arabiensis,pirimiphos-methyl,,Ifakara,Tanzania,Ifakara_huts,161.1650485,-53.1598513,-102.2509579,31.00224521,pirimiphosmethyl,6.033333333,6.033333333,,103,2,68,48,269,87,129,82,0.510390259,0.011643884,0.10925037,-1.052225069,0.120894254,0.510390259,0.368715487
186,UNPUBLISHED_Sarah_Moore,Anopheles_arabiensis,pirimiphos-methyl,,Ifakara,Tanzania,Ifakara_huts,22.04301075,11.23348018,-94.01504788,29.19459874,pirimiphosmethyl,6.066666667,6.066666667,,186,2,102,86,227,68,136,61,0.508435901,0.00451943,0.096726825,0.103453176,0.101246255,0.508435901,0.390317844
187,UNPUBLISHED_Sarah_Moore,Anopheles_arabiensis,pirimiphos-methyl,,Ifakara,Tanzania,Ifakara_huts,111.8918919,4.488581147,-53.20910973,30.64325178,pirimiphosmethyl,6.1,6.1,,185,4,101,92,392,126,222,96,0.467457253,0,0.133894098,-0.575013789,0.133894098,0.467457253,0.398648649
188,UNPUBLISHED_Sarah_Moore,Anopheles_arabiensis,pirimiphos-methyl,,Ifakara,Tanzania,Ifakara_huts,22.17391304,25.51601423,-145.0181727,27.16384216,pirimiphosmethyl,6.2,6.2,,230,3,130,101,281,79,190,85,0.491360347,0.02966704,0.081726752,0.15129197,0.111393792,0.491360347,0.397245861
189,UNPUBLISHED_Sarah_Moore,Anopheles_arabiensis,pirimiphos-methyl,,Ifakara,Tanzania,Ifakara_huts,-34.94423792,-29.75881262,-246.5734649,26.61009667,pirimiphosmethyl,6.233333333,6.233333333,,269,3,192,76,175,48,110,47,0.38796498,0.006766831,0.010387679,0.851789697,0.01715451,0.38796498,0.59488051
190,UNPUBLISHED_Sarah_Moore,Anopheles_arabiensis,pirimiphos-methyl,,Ifakara,Tanzania,Ifakara_huts,10.98039216,-55.11920204,-236.8663594,23.53553982,pirimiphosmethyl,6.266666667,6.266666667,,255,4,176,93,283,70,147,86,0.368622114,0.008375046,0.116607774,0.324464768,0.124982819,0.368622114,0.506395067
191,UNPUBLISHED_Sarah_Moore,Anopheles_arabiensis,pirimiphos-methyl,,Ifakara,Tanzania,Ifakara_huts,43.75,38.59070465,-92.95012432,27.10997442,pirimiphosmethyl,6.3,6.3,,272,0,127,129,391,106,263,97,0.507687688,0.006576265,0.081841432,-0.069730706,0.088417698,0.507687688,0.403894614
192,UNPUBLISHED_Sarah_Moore,Anopheles_arabiensis,pirimiphos-methyl,,Ifakara,Tanzania,Ifakara_huts,13.90134529,-24.0585416,-44.0430622,37.11959991,pirimiphosmethyl,6.333333333,6.333333333,,223,1,131,88,254,95,124,54,0.454125191,0.008782192,0.169291339,0.181137672,0.178073531,0.454125191,0.367801278
193,UNPUBLISHED_Sarah_Moore,Anopheles_arabiensis,pirimiphos-methyl,,Ifakara,Tanzania,Ifakara_huts,58.01104972,-6.231268731,-92.2567734,38.82284382,pirimiphosmethyl,6.433333333,6.433333333,,181,1,97,58,286,112,145,69,0.418806361,0.001469496,0.15034965,-0.094347641,0.151819146,0.418806361,0.429374493
194,UNPUBLISHED_Sarah_Moore,Anopheles_arabiensis,pirimiphos-methyl,,Ifakara,Tanzania,Ifakara_huts,-3.723404255,-1.869953251,-51.26436782,33.14917127,pirimiphosmethyl,6.466666667,6.466666667,,188,0,136,58,181,60,130,28,0.373515928,0,0.060773481,0.514723169,0.060773481,0.373515928,0.565710591
195,UNPUBLISHED_Sarah_Moore,Anopheles_arabiensis,pirimiphos-methyl,,Ifakara,Tanzania,Ifakara_huts,122.3140496,-14.95249897,-20.83930943,45.75770829,pirimiphosmethyl,6.5,6.5,,242,4,152,75,538,251,308,94,0.378106854,0.006098498,0.188254631,-0.554963286,0.194353129,0.378106854,0.427540017
196,UNPUBLISHED_Sarah_Moore,Anopheles_arabiensis,pirimiphos-methyl,,Ifakara,Tanzania,Ifakara_huts,58.88888889,-15.88411588,-53.08489253,51.802844,pirimiphosmethyl,6.533333333,6.533333333,,540,2,288,87,858,446,394,110,0.383717517,0,0.235431235,-0.083769317,0.235431235,0.383717517,0.380851248
197,UNPUBLISHED_Sarah_Moore,Anopheles_arabiensis,pirimiphos-methyl,,Ifakara,Tanzania,Ifakara_huts,1.156069364,-15.33333333,-32.63333333,34.28571429,pirimiphosmethyl,6.566666667,6.566666667,,346,0,196,100,350,120,175,46,0.338315442,0,0.237142857,0.342295623,0.237142857,0.338315442,0.424541701
198,UNPUBLISHED_Sarah_Moore,Anopheles_arabiensis,pirimiphos-methyl,,Ifakara,Tanzania,Ifakara_huts,57.21393035,11.07917851,-47.48427673,32.87640735,pirimiphosmethyl,6.666666667,6.666666667,,201,2,103,72,316,106,179,56,0.613530449,0.009226022,0.025316456,-0.226037534,0.034542477,0.613530449,0.351927073
199,UNPUBLISHED_Sarah_Moore,Anopheles_arabiensis,pirimiphos-methyl,,Ifakara,Tanzania,Ifakara_huts,10.52631579,9.523809524,7.147606383,36.46560847,pirimiphosmethyl,6.7,6.7,,228,3,128,128,252,94,152,49,0.526593435,0.011905591,0.05952381,0.246170983,0.0714294,0.526593435,0.401977165
200,UNPUBLISHED_Sarah_Moore,Anopheles_arabiensis,pirimiphos-methyl,,Ifakara,Tanzania,Ifakara_huts,46.04651163,-8.280254777,-0.139729856,34.77374951,pirimiphosmethyl,6.733333333,6.733333333,,215,4,129,95,314,113,178,50,0.470330321,0,0.13595023,-0.052258925,0.13595023,0.470330321,0.393719449
201,UNPUBLISHED_Sarah_Moore,Anopheles_arabiensis,pirimiphos-methyl,,Ifakara,Tanzania,Ifakara_huts,84.21052632,6.79245283,44.78918471,51.16883117,pirimiphosmethyl,6.766666667,6.766666667,,209,0,103,98,385,197,203,51,0.491145218,0.006462437,0.228571429,-0.38277512,0.235033866,0.491145218,0.273820916
202,UNPUBLISHED_Sarah_Moore,Anopheles_arabiensis,pirimiphos-methyl,,Ifakara,Tanzania,Ifakara_huts,77.47252747,11.14551084,-121.6954733,25.07739938,pirimiphosmethyl,6.8,6.8,,182,0,104,75,323,81,200,74,0.491429321,0.00460715,0.046439628,-0.307726329,0.051046778,0.491429321,0.4575239
203,UNPUBLISHED_Sarah_Moore,Anopheles_arabiensis,pirimiphos-methyl,,Ifakara,Tanzania,Ifakara_huts,70.98445596,-32.40319865,-64.40740741,35.35885167,pirimiphosmethyl,6.9,6.9,,193,3,121,90,330,120,167,92,0.417772449,0.023175895,0.173402418,-0.215936568,0.196578313,0.417772449,0.385649238
204,UNPUBLISHED_Sarah_Moore,Anopheles_arabiensis,pirimiphos-methyl,,Ifakara,Tanzania,Ifakara_huts,81.98757764,-28.8144128,-208.5365854,23.43799772,pirimiphosmethyl,6.933333333,6.933333333,,161,11,100,41,293,84,150,66,0.330279606,0.027340219,0.098954911,-0.21968075,0.126295129,0.330279606,0.543425264
205,UNPUBLISHED_Sarah_Moore,Anopheles_arabiensis,pirimiphos-methyl,,Ifakara,Tanzania,Ifakara_huts,1042.307692,7.455507456,-21.8206158,21.94163861,pirimiphosmethyl,6.966666667,6.966666667,,26,2,12,18,297,83,149,70,0.529427923,0.048660655,0.087542088,-8.446516447,0.136202742,0.529427923,0.334369334
206,UNPUBLISHED_Sarah_Moore,Anopheles_arabiensis,pirimiphos-methyl,,Ifakara,Tanzania,Ifakara_huts,117.0886076,-20.16732159,-168.0841924,25.44882615,pirimiphosmethyl,7,7,,158,6,89,48,343,97,163,79,0.474960328,0,0.13662029,-0.649112448,0.13662029,0.474960328,0.388419382
207,UNPUBLISHED_Sarah_Moore,Anopheles_arabiensis,pirimiphos-methyl,,Ifakara,Tanzania,Ifakara_huts,68.33333333,1.343705799,-73.374613,22.66985319,pirimiphosmethyl,7.033333333,7.033333333,,240,8,128,95,404,102,218,70,0.551134488,0.007157591,0.088304455,-0.307776403,0.095462046,0.551134488,0.353403465
208,UNPUBLISHED_Sarah_Moore,Anopheles_arabiensis,pirimiphos-methyl,,Ifakara,Tanzania,Ifakara_huts,95.11111111,-64.18285008,-541.7506762,17.06357424,pirimiphosmethyl,7.133333333,7.133333333,,225,5,166,49,439,83,250,116,0.262961276,0.007107062,0.094943052,-0.241640091,0.102050114,0.262961276,0.63498861
209,UNPUBLISHED_Sarah_Moore,Anopheles_arabiensis,pirimiphos-methyl,,Ifakara,Tanzania,Ifakara_huts,9.88372093,15.995116,-3.909026297,44.44444444,pirimiphosmethyl,7.166666667,7.166666667,,172,0,94,67,189,84,117,34,0.444259874,0,0.068783069,0.347237603,0.068783069,0.444259874,0.486957057
210,UNPUBLISHED_Sarah_Moore,Anopheles_arabiensis,pirimiphos-methyl,,Ifakara,Tanzania,Ifakara_huts,41.05960265,2.523474178,-215.4352031,22.0657277,pirimiphosmethyl,7.2,7.2,,151,0,79,55,213,47,114,54,0.503622175,0,0.070422535,-0.011068619,0.070422535,0.503622175,0.42595529
211,UNPUBLISHED_Sarah_Moore,Anopheles_arabiensis,pirimiphos-methyl,,Ifakara,Tanzania,Ifakara_huts,-2.547770701,27.70350564,-243.5866261,21.37339784,pirimiphosmethyl,7.233333333,7.233333333,,157,3,69,47,153,35,91,36,0.460846759,0.015361559,0.098039216,0.348195329,0.113400774,0.460846759,0.425752467
212,UNPUBLISHED_Sarah_Moore,Anopheles_arabiensis,pirimiphos-methyl,,Ifakara,Tanzania,Ifakara_huts,1.025641026,-26.86780582,-104.5454545,26.40922742,pirimiphosmethyl,7.266666667,7.266666667,,195,4,124,52,197,55,106,30,0.36984284,0.010737663,0.095795913,0.469087596,0.106533576,0.36984284,0.523623585
213,UNPUBLISHED_Sarah_Moore,Anopheles_arabiensis,pirimiphos-methyl,,Ifakara,Tanzania,Ifakara_huts,4.375,-49.20977717,-93.72592185,41.85422259,pirimiphosmethyl,7.366666667,7.366666667,,160,15,99,23,167,79,72,22,0.25065438,0.013866578,0.269311377,0.403742515,0.283177955,0.25065438,0.466167665
214,UNPUBLISHED_Sarah_Moore,Anopheles_arabiensis,pirimiphos-methyl,,Ifakara,Tanzania,Ifakara_huts,-12.97297297,8.628302028,6.25,53.89540679,pirimiphosmethyl,7.4,7.4,,185,23,102,37,161,96,95,18,0.407990599,0,0.186402552,0.449622293,0.186402552,0.407990599,0.405606849
215,UNPUBLISHED_Sarah_Moore,Anopheles_arabiensis,pirimiphos-methyl,,Ifakara,Tanzania,Ifakara_huts,1.724137931,-47.45762712,-209.8290598,30.50847458,pirimiphosmethyl,7.433333333,7.433333333,,116,0,76,26,118,36,58,25,0.333647436,0.002851687,0.110169492,0.446376388,0.113021179,0.333647436,0.553331385
216,UNPUBLISHED_Sarah_Moore,Anopheles_arabiensis,pirimiphos-methyl,,Ifakara,Tanzania,Ifakara_huts,120.4225352,-57.27369542,-106.9830508,36.3550693,pirimiphosmethyl,7.5,7.5,,142,3,97,50,313,118,157,86,0.300346804,0.00096265,0.143769968,-0.442244521,0.144732618,0.300346804,0.554920578
217,UNPUBLISHED_Sarah_Moore,Anopheles_arabiensis,pirimiphos-methyl,,Ifakara,Tanzania,Ifakara_huts,20,4.761904762,-114.2857143,34.52380952,pirimiphosmethyl,7.6,7.6,,60,4,32,15,72,28,40,15,0.511805556,0,0.089814815,0.170601852,0.089814815,0.511805556,0.39837963
218,UNPUBLISHED_Sarah_Moore,Anopheles_arabiensis,pirimiphos-methyl,,Ifakara,Tanzania,Ifakara_huts,-38.63636364,-7.407407407,-11.5942029,40.5664488,pirimiphosmethyl,7.633333333,7.633333333,,88,3,44,24,54,23,25,7,0.338726774,0.006391071,0.284511785,0.656565657,0.290902856,0.338726774,0.37037037
219,UNPUBLISHED_Sarah_Moore,Anopheles_arabiensis,pirimiphos-methyl,,Ifakara,Tanzania,Ifakara_huts,4.225352113,7.744282744,60.98901099,44.15086729,pirimiphosmethyl,7.666666667,7.666666667,,71,4,45,26,74,35,49,5,0.379710697,0,0.219071184,0.314617434,0.219071184,0.379710697,0.40121812
220,UNPUBLISHED_Sarah_Moore,Anopheles_arabiensis,pirimiphos-methyl,,Ifakara,Tanzania,Ifakara_huts,33.84615385,10.91954023,-132.1428571,32.18390805,pirimiphosmethyl,7.7,7.7,,65,0,39,19,87,28,56,19,0.3618403,0.004207445,0.114942529,0.15862069,0.119149974,0.3618403,0.519009726
221,UNPUBLISHED_Sarah_Moore,Anopheles_arabiensis,pirimiphos-methyl,,Ifakara,Tanzania,Ifakara_huts,10.38961039,58.82352941,-117.1052632,24.06574394,pirimiphosmethyl,7.733333333,7.733333333,,77,9,44,19,85,28,70,15,0.327578304,0,0.121772345,0.327578304,0.121772345,0.327578304,0.550649351
222,Rowland2013mud,Anophelesgambiae,pirimiphos-methylB30%CS,0.5,WestAfrica,Benin,mud,,,,,pirimiphosmethyl,1,1,,736,30,440,696,512,402,264,488,,,,,,,
223,Rowland2013mud,Anophelesgambiae,pirimiphos-methylB30%CS,0.5,WestAfrica,Benin,mud,,,,,pirimiphosmethyl,2,2,,568,53,240,544,640,445,264,632,,,,,,,
224,Rowland2013mud,Anophelesgambiae,pirimiphos-methylB30%CS,0.5,WestAfrica,Benin,mud,,,,,pirimiphosmethyl,3,3,,1104,68,376,1088,872,611,416,792,,,,,,,
225,Rowland2013mud,Anophelesgambiae,pirimiphos-methylB30%CS,0.5,WestAfrica,Benin,mud,,,,,pirimiphosmethyl,4,4,,1552,143,648,1328,1120,666,328,1016,,,,,,,
226,Rowland2013mud,Anophelesgambiae,pirimiphos-methylB30%CS,0.5,WestAfrica,Benin,mud,,,,,pirimiphosmethyl,5,5,,1304,192,576,1168,856,476,320,808,,,,,,,
227,Rowland2013mud,Anophelesgambiae,pirimiphos-methylB30%CS,0.5,WestAfrica,Benin,mud,,,,,pirimiphosmethyl,6,6,,984,111,448,744,560,315,328,528,,,,,,,
228,Rowland2013mud,Anophelesgambiae,pirimiphos-methylB30%CS,0.5,WestAfrica,Benin,mud,,,,,pirimiphosmethyl,7,7,,1032,52,392,968,544,265,136,512,,,,,,,
229,Rowland2013mud,Anophelesgambiae,pirimiphos-methylB30%CS,0.5,WestAfrica,Benin,mud,,,,,pirimiphosmethyl,8,8,,280,53,104,256,176,59,72,160,,,,,,,
230,Rowland2013mud,Anophelesgambiae,pirimiphos-methylB30%CS,0.5,WestAfrica,Benin,mud,,,,,pirimiphosmethyl,9,9,,712,119,320,672,600,352,272,584,,,,,,,
231,Rowland2013mud,Anophelesgambiae,pirimiphos-methylB30%CS,0.5,WestAfrica,Benin,mud,,,,,pirimiphosmethyl,10,10,,544,59,136,504,424,224,216,424,,,,,,,
232,Rowland2013mud,Anophelesgambiae,pirimiphos-methylB30%CS,0.5,WestAfrica,Benin,mud,,,,,pirimiphosmethyl,11,11,,504,45,184,368,328,55,112,240,,,,,,,
233,Rowland2013mud,Anophelesgambiae,pirimiphos-methylB30%CS,0.5,WestAfrica,Benin,mud,,,,,pirimiphosmethyl,12,12,,968,57,480,840,680,75,200,640,,,,,,,
222,Rowland2013mud,Anophelesgambiae,pirimiphos-methylB30%CS,1,WestAfrica,Benin,mud,,,,,pirimiphosmethyl,1,1,,736,30,440,696,512,502,264,488,,,,,,,
223,Rowland2013mud,Anophelesgambiae,pirimiphos-methylB30%CS,1,WestAfrica,Benin,mud,,,,,pirimiphosmethyl,2,2,,568,53,240,544,640,597,264,632,,,,,,,
224,Rowland2013mud,Anophelesgambiae,pirimiphos-methylB30%CS,1,WestAfrica,Benin,mud,,,,,pirimiphosmethyl,3,3,,1104,68,376,1088,872,738,416,792,,,,,,,
225,Rowland2013mud,Anophelesgambiae,pirimiphos-methylB30%CS,1,WestAfrica,Benin,mud,,,,,pirimiphosmethyl,4,4,,1552,143,648,1328,1120,975,328,1016,,,,,,,
226,Rowland2013mud,Anophelesgambiae,pirimiphos-methylB30%CS,1,WestAfrica,Benin,mud,,,,,pirimiphosmethyl,5,5,,1304,192,576,1168,856,639,320,808,,,,,,,
227,Rowland2013mud,Anophelesgambiae,pirimiphos-methylB30%CS,1,WestAfrica,Benin,mud,,,,,pirimiphosmethyl,6,6,,984,111,448,744,560,431,328,528,,,,,,,
228,Rowland2013mud,Anophelesgambiae,pirimiphos-methylB30%CS,1,WestAfrica,Benin,mud,,,,,pirimiphosmethyl,7,7,,1032,52,392,968,544,435,136,512,,,,,,,
229,Rowland2013mud,Anophelesgambiae,pirimiphos-methylB30%CS,1,WestAfrica,Benin,mud,,,,,pirimiphosmethyl,8,8,,280,53,104,256,176,87,72,160,,,,,,,
230,Rowland2013mud,Anophelesgambiae,pirimiphos-methylB30%CS,1,WestAfrica,Benin,mud,,,,,pirimiphosmethyl,9,9,,712,119,320,672,600,430,272,584,,,,,,,
231,Rowland2013mud,Anophelesgambiae,pirimiphos-methylB30%CS,1,WestAfrica,Benin,mud,,,,,pirimiphosmethyl,10,10,,544,59,136,504,424,357,216,424,,,,,,,
232,Rowland2013mud,Anophelesgambiae,pirimiphos-methylB30%CS,1,WestAfrica,Benin,mud,,,,,pirimiphosmethyl,11,11,,504,45,184,368,328,172,112,240,,,,,,,
233,Rowland2013mud,Anophelesgambiae,pirimiphos-methylB30%CS,1,WestAfrica,Benin,mud,,,,,pirimiphosmethyl,12,12,,968,57,480,840,680,279,200,640,,,,,,,
234,Oxborough2014MalJ,Anophelesarabiensis,pirimiphos-methylB30%CS,,EastAfrica,Tanzania,mud,,,,,pirimiphosmethyl,2,0,,1070,214,,546,703,598,,366,,,,,,,
235,Oxborough2014MalJ,Anophelesarabiensis,pirimiphos-methylB30%CS,,EastAfrica,Tanzania,mud,,,,,pirimiphosmethyl,4,4,,364,73,,280,370,326,,204,,,,,,,
236,Oxborough2014MalJ,Anophelesarabiensis,pirimiphos-methylB30%CS,,EastAfrica,Tanzania,mud,,,,,pirimiphosmethyl,6,6,,321,26,,292,385,304,,258,,,,,,,
237,Oxborough2014MalJ,Anophelesarabiensis,pirimiphos-methylB30%CS,,EastAfrica,Tanzania,mud,,,,,pirimiphosmethyl,8,8,,112,8,,99,359,334,,93,,,,,,,
238,Oxborough2014MalJ,Anophelesarabiensis,pirimiphos-methylB30%CS,,EastAfrica,Tanzania,mud,,,,,pirimiphosmethyl,10,10,,1047,105,,461,1378,965,,482,,,,,,,
239,Oxborough2014MalJ,Anophelesarabiensis,pirimiphos-methylB30%CS,,EastAfrica,Tanzania,mud,,,,,pirimiphosmethyl,12,12,,521,68,,266,795,588,,302,,,,,,,
240,Oxborough2014MalJ,Anophelesarabiensis,pirimiphos-methylBM30%CS,,EastAfrica,Tanzania,mud,,,,,pirimiphosmethyl,2,0,,1070,214,,546,735,588,,353,,,,,,,
241,Oxborough2014MalJ,Anophelesarabiensis,pirimiphos-methylBM30%CS,,EastAfrica,Tanzania,mud,,,,,pirimiphosmethyl,4,4,,364,73,,280,714,585,,400,,,,,,,
242,Oxborough2014MalJ,Anophelesarabiensis,pirimiphos-methylBM30%CS,,EastAfrica,Tanzania,mud,,,,,pirimiphosmethyl,6,6,,321,26,,292,546,399,,366,,,,,,,
243,Oxborough2014MalJ,Anophelesarabiensis,pirimiphos-methylBM30%CS,,EastAfrica,Tanzania,mud,,,,,pirimiphosmethyl,8,8,,112,8,,99,421,370,,126,,,,,,,
244,Oxborough2014MalJ,Anophelesarabiensis,pirimiphos-methylBM30%CS,,EastAfrica,Tanzania,mud,,,,,pirimiphosmethyl,10,10,,1047,105,,461,1540,1109,,493,,,,,,,
245,Oxborough2014MalJ,Anophelesarabiensis,pirimiphos-methylBM30%CS,,EastAfrica,Tanzania,mud,,,,,pirimiphosmethyl,12,12,,521,68,,266,945,633,,387,,,,,,,
