,Study,Mosquito,Insecticide,concn,Hut,location,wall_type,Deterrency,Induced_Exophily,Bloodfeeding_inhibition,Insecticide_induced_mortality,insecticide,Months_since_IRS,Ntotalfemalemosq_C,Ntotaldied_C,Nexittraps_C,Nbloodfed_C,Ntotalfemalemosq_IRS,Ntotaldied_IRS,Nexittraps_IRS,Nbloodfed_IRS,P_fed_and_alive,P_fed_and_dead,P_unfed_and_dead,P_unfed_and_alive,P_killed,P_bloodfed,P_other
1,Agossa2014,Anophelesgambiae,bendiocarb,0.4,WestAfrica,Benin,cement,49.34210526,10.69882498,0.618002687,97.4025974,bendiocarb,1,152,0,26,145,77,75,20,73,,,,,,,
2,Agossa2014,Anophelesgambiae,bendiocarb,0.4,WestAfrica,Benin,cement,-20.54794521,-6.856702619,10.03521127,7.954545455,bendiocarb,2,73,0,14,71,88,7,12,77,,,,,,,
3,Agossa2014,Anophelesgambiae,bendiocarb,0.4,WestAfrica,Benin,cement,50,5,-4.918032787,4.347826087,bendiocarb,6,138,0,18,122,69,3,12,64,,,,,,,
4,Akogbeto2010,Anophelesgambiae,bendiocarb,0.2,WestAfrica,Benin,cement,3.225806452,10.57692308,1.833333333,81.05555556,bendiocarb,1,62,2,10,20,60,49,15,19,,,,,,,
5,Akogbeto2010,Anophelesgambiae,bendiocarb,0.2,WestAfrica,Benin,cement,34.24657534,8.176100629,-6.458333333,80.72183099,bendiocarb,2,73,2,20,10,48,39,16,7,,,,,,,
6,Akogbeto2010,Anophelesgambiae,bendiocarb,0.2,WestAfrica,Benin,cement,1.369863014,47.81454248,-1.388888889,76.82539683,bendiocarb,3,73,3,5,8,72,56,37,8,,,,,,,
7,Akogbeto2010,Anophelesgambiae,bendiocarb,0.2,WestAfrica,Benin,cement,6.12244898,35.32608696,-6.52173913,44.42344045,bendiocarb,4,49,3,21,5,46,22,29,5,,,,,,,
8,UNPUBLISHED_Data_Corbel,Anophelesgambiae,bendiocarb,0.4,WestAfrica,Benin,concrete,90.90909091,45,-29.41176471,100,bendiocarb,0.25,22,2,2,17,2,2,1,2,,,,,,,
9,UNPUBLISHED_Data_Corbel,Anophelesgambiae,bendiocarb,0.4,WestAfrica,Benin,concrete,53.57142857,3.076923077,0.591715976,76.92307692,bendiocarb,0.75,28,0,8,26,13,10,4,12,,,,,,,
10,UNPUBLISHED_Data_Corbel,Anophelesgambiae,bendiocarb,0.4,WestAfrica,Benin,concrete,87.17948718,46.20689655,-5.405405405,20,bendiocarb,1,39,0,10,37,5,1,3,5,,,,,,,
11,UNPUBLISHED_Data_Corbel,Anophelesgambiae,bendiocarb,0.4,WestAfrica,Benin,concrete,69.81132075,-10.41666667,-17.77777778,25,bendiocarb,1.25,53,0,20,45,16,4,5,16,,,,,,,
12,UNPUBLISHED_Data_Corbel,Anophelesgambiae,bendiocarb,0.4,WestAfrica,Benin,concrete,50,36.36363636,15.38461538,32.14285714,bendiocarb,1.5,56,0,12,52,28,9,14,22,,,,,,,
13,UNPUBLISHED_Data_Corbel,Anophelesgambiae,bendiocarb,0.4,WestAfrica,Benin,concrete,61.36363636,26.05042017,19.88795518,27.77017784,bendiocarb,1.75,44,1,16,42,17,5,9,13,,,,,,,
14,UNPUBLISHED_Data_Corbel,Anophelesgambiae,bendiocarb,0.4,WestAfrica,Benin,concrete,73.80952381,47.3354232,17.44471744,27.27272727,bendiocarb,2,42,0,13,37,11,3,7,8,,,,,,,
15,UNPUBLISHED_Data_Corbel,Anophelesgambiae,bendiocarb,0.4,WestAfrica,Benin,concrete,57.2815534,7.682458387,1.832844575,27.27272727,bendiocarb,2.25,103,0,32,93,44,12,16,39,,,,,,,
16,UNPUBLISHED_Data_Corbel,Anophelesgambiae,bendiocarb,0.4,WestAfrica,Benin,concrete,48.21428571,59.77011494,10.34482759,13.79310345,bendiocarb,2.5,56,0,8,56,29,4,19,26,,,,,,,
17,UNPUBLISHED_Data_Corbel,Anophelesgambiae,bendiocarb,0.4,WestAfrica,Benin,concrete,42.30769231,17.66666667,-15.55555556,6.666666667,bendiocarb,2.75,52,0,12,45,30,2,11,30,,,,,,,
18,UNPUBLISHED_Data_Corbel,Anophelesgambiae,bendiocarb,0.4,WestAfrica,Benin,concrete,72.99270073,-8.371786421,-8.463008463,18.91891892,bendiocarb,3,137,0,55,99,37,7,13,29,,,,,,,
19,UNPUBLISHED_Data_Corbel,Anophelesgambiae,bendiocarb,0.4,WestAfrica,Benin,concrete,80.70175439,58.54545455,17.09090909,36.36363636,bendiocarb,3.25,57,0,7,50,11,4,7,8,,,,,,,
20,UNPUBLISHED_Data_Corbel,Anophelesgambiae,bendiocarb,0.4,WestAfrica,Benin,concrete,64.95726496,22.172949,1.419068736,6.518082422,bendiocarb,3.5,117,1,18,110,41,3,14,38,,,,,,,
21,UNPUBLISHED_Data_Corbel,Anophelesgambiae,bendiocarb,0.4,WestAfrica,Benin,concrete,55,28.10457516,3.133903134,11.11111111,bendiocarb,3.75,40,0,6,39,18,2,7,17,,,,,,,
22,UNPUBLISHED_Data_Corbel,Anophelesgambiae,bendiocarb,0.4,WestAfrica,Benin,concrete,77.27272727,30.52631579,0,0,bendiocarb,4,22,0,3,22,5,0,2,5,,,,,,,
23,UNPUBLISHED_Data_Corbel,Anophelesgambiae,bendiocarb,0.4,WestAfrica,Benin,concrete,51.85185185,1.098901099,7.692307692,7.692307692,bendiocarb,4.25,27,0,6,27,13,1,3,12,,,,,,,
24,UNPUBLISHED_Data_Corbel,Anophelesgambiae,bendiocarb,0.4,WestAfrica,Benin,concrete,61.29032258,32.60869565,0,0,bendiocarb,4.5,31,0,8,31,12,0,6,12,,,,,,,
25,UNPUBLISHED_Data_Corbel,Anophelesgambiae,bendiocarb,0.4,WestAfrica,Benin,concrete,60.86956522,-33.33333333,0,5.555555556,bendiocarb,4.75,46,0,23,46,18,1,6,18,,,,,,,
26,UNPUBLISHED_Data_Corbel,Anophelesgambiae,bendiocarb,0.4,WestAfrica,Benin,concrete,67.34693878,-2.083333333,0,4.296875,bendiocarb,5,49,1,19,49,16,1,6,16,,,,,,,
27,UNPUBLISHED_Data_Corbel,Anophelesgambiae,bendiocarb,0.4,WestAfrica,Benin,concrete,75,12.5,0,5.882352941,bendiocarb,5.25,52,1,20,52,13,1,6,13,,,,,,,
28,UNPUBLISHED_Data_Corbel,Anophelesgambiae,bendiocarb,0.4,WestAfrica,Benin,concrete,70.90909091,-10.49107143,0,4.513888889,bendiocarb,5.5,55,1,27,55,16,1,7,16,,,,,,,
29,UNPUBLISHED_Data_Corbel,Anophelesgambiae,bendiocarb,0.4,WestAfrica,Benin,concrete,61.81818182,21.42857143,0,2.998236332,bendiocarb,5.75,55,1,25,55,21,1,12,21,,,,,,,
30,UNPUBLISHED_Data_Corbel,Anophelesgambiae,bendiocarb,0.4,WestAfrica,Benin,concrete,53.57142857,18.30238727,-1.818181818,2.097902098,bendiocarb,6,56,1,27,55,26,1,15,26,,,,,,,
31,UNPUBLISHED_Data_Corbel,Anophelesgambiae,bendiocarb,0.4,WestAfrica,Benin,concrete,62.71186441,40.4040404,-1.724137931,-1.724137931,bendiocarb,6.25,59,1,23,58,22,0,14,22,,,,,,,
32,UNPUBLISHED_Data_Corbel,Anophelesgambiae,bendiocarb,0.4,WestAfrica,Benin,concrete,59.25925926,40.49586777,-1.886792453,-1.886792453,bendiocarb,6.5,54,1,21,53,22,0,14,22,,,,,,,
33,UNPUBLISHED_Data_Corbel,Anophelesgambiae,bendiocarb,0.4,WestAfrica,Benin,concrete,50,3.703703704,-2.040816327,0,bendiocarb,6.75,50,0,23,49,25,0,12,25,,,,,,,
34,UNPUBLISHED_Data_Corbel,Anophelesgambiae,bendiocarb,0.4,WestAfrica,Benin,concrete,64.78873239,19.73913043,-1.428571429,0,bendiocarb,7,71,0,25,70,25,0,12,25,,,,,,,
35,UNPUBLISHED_Data_Corbel,Anophelesgambiae,bendiocarb,0.4,WestAfrica,Benin,concrete,66.66666667,32.65306122,2.816901408,0,bendiocarb,7.25,72,0,23,71,24,0,13,23,,,,,,,
36,UNPUBLISHED_Data_Corbel,Anophelesgambiae,bendiocarb,0.4,WestAfrica,Benin,concrete,72.72727273,-6.666666667,3.0651341,0,bendiocarb,7.5,88,0,33,87,24,0,8,23,,,,,,,
37,UNPUBLISHED_Data_Corbel,Anophelesgambiae,bendiocarb,0.4,WestAfrica,Benin,concrete,77.31958763,-4.978354978,4.545454545,0,bendiocarb,7.75,97,0,34,97,22,0,7,21,,,,,,,
38,UNPUBLISHED_Data_Corbel,Anophelesgambiae,bendiocarb,0.4,WestAfrica,Benin,concrete,79.27927928,-2.956521739,4.347826087,0,bendiocarb,8,111,0,36,111,23,0,7,22,,,,,,,
39,UNPUBLISHED_Data_Corbel,Anophelesgambiae,bendiocarb,0.4,WestAfrica,Benin,concrete,78.46153846,14.72303207,2.064732143,0,bendiocarb,8.25,130,0,32,128,28,0,10,27,,,,,,,
40,UNPUBLISHED_Data_Corbel,Anophelesgambiae,bendiocarb,0.4,WestAfrica,Benin,concrete,77.6,16.60125589,2.003484321,0,bendiocarb,8.5,125,0,34,123,28,0,11,27,,,,,,,
41,UNPUBLISHED_Data_Corbel,Anophelesgambiae,bendiocarb,0.4,WestAfrica,Benin,concrete,73.14814815,15.14622436,1.626545218,0,bendiocarb,8.75,108,0,29,106,29,0,11,28,,,,,,,
42,UNPUBLISHED_Data_Corbel,Anophelesgambiae,bendiocarb,0.4,WestAfrica,Benin,concrete,79.83870968,13.95918367,-1.639344262,0,bendiocarb,9,124,0,26,122,25,0,8,25,,,,,,,
43,UNPUBLISHED_Data_Corbel,Anophelesgambiae,bendiocarb,0.4,WestAfrica,Benin,concrete,83.05084746,29.9009901,-2.608695652,0,bendiocarb,9.25,118,0,17,115,20,0,8,20,,,,,,,
44,UNPUBLISHED_Data_Corbel,Anophelesgambiae,bendiocarb,0.4,WestAfrica,Benin,concrete,81.81818182,6.382978723,-2.542372881,0,bendiocarb,9.5,121,0,27,118,22,0,6,22,,,,,,,
45,UNPUBLISHED_Data_Corbel,Anophelesgambiae,bendiocarb,0.4,WestAfrica,Benin,concrete,75,23.80952381,-2.857142857,0,bendiocarb,9.75,108,0,24,105,27,0,11,27,,,,,,,
46,Rowland2013,Anophelesgambiae,bendiocarb,0.4,WestAfrica,Benin,cement,41.30434783,12.51251251,0.127713921,27.25759467,bendiocarb,1,736,24,440,696,432,128,280,408,0.6781065,0.2252751,0.07608696,0.4291465,0.3013621,0.6781065,0.020531401
47,Rowland2013,Anophelesgambiae,bendiocarb,1.4,WestAfrica,Benin,cement,16.90140845,23.68747416,-0.872382851,22.90783898,bendiocarb,2,568,56,240,544,472,144,264,456,0.6049379,0.3203426,0.03389831,0.204106,0.3542409,0.6049379,0.040821198
48,Rowland2013,Anophelesgambiae,bendiocarb,2.4,WestAfrica,Benin,cement,42.02898551,24.17582418,3.602941176,21.59090909,bendiocarb,3,1104,48,376,1088,640,160,320,608,0.7195211,0.2360043,0.0375,0.4365036,0.2735043,0.7195211,0.006974638
49,Rowland2013,Anophelesgambiae,bendiocarb,3.4,WestAfrica,Benin,cement,64.94845361,19.20874545,-11.71155209,12.59775587,bendiocarb,4,1552,168,648,1328,544,120,288,520,0.6654657,0.2066538,0.08353548,0.6651759,0.2901892,0.6654657,0.044345058
50,Rowland2013,Anophelesgambiae,bendiocarb,4.4,WestAfrica,Benin,cement,31.90184049,11.24641125,4.448969517,15.80780781,bendiocarb,5,1304,104,576,1168,888,200,448,760,0.6290846,0.1847661,0.06831371,0.3278063,0.2530798,0.6290846,0.117835627
51,Rowland2013,Anophelesgambiae,bendiocarb,5.4,WestAfrica,Benin,cement,52.84552846,-7.617086979,-20.85650723,12.31763926,bendiocarb,6,984,152,448,744,464,120,192,424,0.5419023,0.2823197,0.05649005,0.6122792,0.3388098,0.5419023,0.119287917
52,Rowland2013,Anophelesgambiae,bendiocarb,6.4,WestAfrica,Benin,cement,55.81395349,-4.671052632,-2.870813397,-4.14531905,bendiocarb,7,1032,128,392,968,456,40,160,440,0.7724022,0.1476304,0.0500476,0.5684755,0.197678,0.7724022,0.029919761
53,Rowland2013,Anophelesgambiae,bendiocarb,7.4,WestAfrica,Benin,cement,62.85714286,38.81118881,-9.375,4.977375566,bendiocarb,8,280,8,104,256,104,8,64,104,0.843956,0.0989011,0,0.6857143,0.0989011,0.843956,0.057142857
54,Rowland2013,Anophelesgambiae,bendiocarb,8.4,WestAfrica,Benin,cement,51.68539326,-43.61651637,-5.952380952,-6.363049096,bendiocarb,9,712,136,320,672,344,48,72,344,0.6864385,0.2798537,0.02247191,0.5280899,0.3023256,0.6864385,0.011235955
55,Rowland2013,Anophelesgambiae,bendiocarb,9.4,WestAfrica,Benin,cement,63.23529412,25.33333333,-7.936507937,12.57142857,bendiocarb,10,544,96,136,504,200,56,88,200,0.5717647,0.3841176,0.01470588,0.6617647,0.3988235,0.5717647,0.029411765
56,Rowland2013,Anophelesgambiae,bendiocarb,10.4,WestAfrica,Benin,cement,57.14285714,30,-16.66666667,19.39393939,bendiocarb,11,504,64,184,368,216,64,120,184,0.5989505,0.1717726,0.18871252,0.638448,0.3604851,0.5989505,0.040564374
57,Rowland2013,Anophelesgambiae,bendiocarb,11.4,WestAfrica,Benin,cement,49.58677686,-10.56167697,-11.45979703,11.44613583,bendiocarb,12,968,72,480,840,488,88,216,472,0.6421006,0.1972166,0.01598699,0.5915188,0.2132036,0.6421006,0.144695841
58,UNPUBLISHED_Sarah_Moore,Anopheles_arabiensis,bendiocarb,,Ifakara,Tanzania,Ifakara_huts,27.32240437,51.43741707,84.71177945,43.71155161,bendiocarb,1.3,183,7,132,9,133,61,115,1,0.247257488,0,0.141871071,0.853280743,0.141871071,0.247257488,0.610871441
59,UNPUBLISHED_Sarah_Moore,Anopheles_arabiensis,bendiocarb,,Ifakara,Tanzania,Ifakara_huts,-7.608695652,-98.24915825,-132.3232323,21.11815833,bendiocarb,1.333333333,92,6,77,2,99,26,67,5,0.131275424,0.005527386,0.149538867,0.645256917,0.155066253,0.131275424,0.713658322
60,UNPUBLISHED_Sarah_Moore,Anopheles_arabiensis,bendiocarb,,Ifakara,Tanzania,Ifakara_huts,60.82474227,-288.9724311,-104.2105263,30.89560919,bendiocarb,1.366666667,194,13,173,5,76,27,44,4,0.091401141,0.003756211,0.23385784,1.146025502,0.237614052,0.091401141,0.670984807
61,UNPUBLISHED_Sarah_Moore,Anopheles_arabiensis,bendiocarb,,Ifakara,Tanzania,Ifakara_huts,22.48062016,-1.05,44.71428571,65.88429752,bendiocarb,1.4,129,8,69,7,100,68,53,3,0.278372093,0,0.399069767,0.454186047,0.399069767,0.278372093,0.32255814
62,UNPUBLISHED_Sarah_Moore,Anopheles_arabiensis,bendiocarb,,Ifakara,Tanzania,Ifakara_huts,20.87912088,35.40123457,68.40277778,31.94444444,bendiocarb,1.433333333,91,13,46,8,72,30,49,2,0.357901743,0.00504087,0.282967033,0.522283272,0.288007903,0.357901743,0.354090354
63,UNPUBLISHED_Sarah_Moore,Anopheles_arabiensis,bendiocarb,,Ifakara,Tanzania,Ifakara_huts,28.84615385,15.67567568,15.67567568,14.38334887,bendiocarb,1.533333333,104,17,74,15,74,21,56,9,0.266233424,0.012352854,0.198154886,0.757406445,0.21050774,0.266233424,0.523258836
64,UNPUBLISHED_Sarah_Moore,Anopheles_arabiensis,bendiocarb,,Ifakara,Tanzania,Ifakara_huts,34.375,43.56261023,49.20634921,12.21532091,bendiocarb,1.566666667,96,4,69,9,63,10,53,3,0.283131771,0.004566641,0.031746032,0.992063492,0.036312673,0.283131771,0.680555556
65,UNPUBLISHED_Sarah_Moore,Anopheles_arabiensis,bendiocarb,,Ifakara,Tanzania,Ifakara_huts,-103.7037037,29.87012987,-14.54545455,40.52447552,bendiocarb,1.6,54,2,40,6,110,47,90,14,0.215763698,0.008142026,0.122895623,-0.260606061,0.131037649,0.215763698,0.653198653
66,UNPUBLISHED_Sarah_Moore,Anopheles_arabiensis,bendiocarb,,Ifakara,Tanzania,Ifakara_huts,-178.0821918,-10.64797272,-36.65024631,33.98279538,bendiocarb,1.633333333,73,6,60,5,203,80,163,19,0.149832943,0.00456344,0.184560362,-0.902625008,0.189123802,0.149832943,0.661043255
67,UNPUBLISHED_Sarah_Moore,Anopheles_arabiensis,bendiocarb,,Ifakara,Tanzania,Ifakara_huts,-25,-44,55.55555556,23.96039604,bendiocarb,1.666666667,120,19,95,9,150,54,105,5,0.228466667,0.001533333,0.203666667,0.336333333,0.2052,0.228466667,0.566333333
68,UNPUBLISHED_Sarah_Moore,Anopheles_arabiensis,bendiocarb,,Ifakara,Tanzania,Ifakara_huts,-77.45098039,-65.03551697,-52.95974743,21.33977901,bendiocarb,1.766666667,102,6,88,7,181,47,140,19,0.125989115,0.0014077,0.108222294,0.045498863,0.109629994,0.125989115,0.76438089
69,UNPUBLISHED_Sarah_Moore,Anopheles_arabiensis,bendiocarb,,Ifakara,Tanzania,Ifakara_huts,-33.72093023,-72.57525084,-28.19875776,9.048178613,bendiocarb,1.8,86,12,73,7,115,25,85,12,0.145939245,0.003909087,0.135490394,0.380384226,0.139399481,0.145939245,0.714661274
70,UNPUBLISHED_Sarah_Moore,Anopheles_arabiensis,bendiocarb,,Ifakara,Tanzania,Ifakara_huts,-33.65384615,9.428246876,62.58992806,22.97926365,bendiocarb,1.833333333,104,2,85,12,139,34,116,6,0.20699478,0.001499962,0.023865523,0.435943553,0.025365485,0.20699478,0.767639734
71,UNPUBLISHED_Sarah_Moore,Anopheles_arabiensis,bendiocarb,,Ifakara,Tanzania,Ifakara_huts,-33.33333333,-108.6956522,32.5,26.19047619,bendiocarb,1.866666667,138,12,115,30,184,60,120,27,0.224677064,0.019258034,0.111137366,0.295289855,0.1303954,0.224677064,0.644927536
72,UNPUBLISHED_Sarah_Moore,Anopheles_arabiensis,bendiocarb,,Ifakara,Tanzania,Ifakara_huts,-147.1698113,70.0310998,42.20283533,2.001696353,bendiocarb,1.9,53,8,26,7,131,22,111,10,0.468097364,0,0.115656056,-1.026213452,0.115656056,0.468097364,0.416246579
73,UNPUBLISHED_Sarah_Moore,Anopheles_arabiensis,bendiocarb,,Ifakara,Tanzania,Ifakara_huts,0,-32.43243243,-16.66666667,20.90909091,bendiocarb,2,140,30,103,12,140,53,91,14,0.190010569,0.02606086,0.267653061,0.487704082,0.293713921,0.190010569,0.51627551
74,UNPUBLISHED_Sarah_Moore,Anopheles_arabiensis,bendiocarb,,Ifakara,Tanzania,Ifakara_huts,26.875,49.61763383,73.31665624,25.59074912,bendiocarb,2.033333333,160,24,103,41,117,43,96,8,0.371474359,0.006089744,0.13525641,0.749038462,0.141346154,0.371474359,0.487179487
75,UNPUBLISHED_Sarah_Moore,Anopheles_arabiensis,bendiocarb,,Ifakara,Tanzania,Ifakara_huts,-70.24793388,-4.049930652,-1.45631068,17.31077387,bendiocarb,2.066666667,121,18,86,11,206,61,144,19,0.247327818,0.003655091,0.232287571,-0.110727754,0.235942662,0.247327818,0.516729519
76,UNPUBLISHED_Sarah_Moore,Anopheles_arabiensis,bendiocarb,,Ifakara,Tanzania,Ifakara_huts,-20.63492063,11.81410974,-29.52302632,40.20707506,bendiocarb,2.1,126,4,79,16,152,64,102,25,0.353474146,0.01202293,0.087719298,0.343567251,0.099742228,0.353474146,0.546783626
77,UNPUBLISHED_Sarah_Moore,Anopheles_arabiensis,bendiocarb,,Ifakara,Tanzania,Ifakara_huts,-42.85714286,26.58536585,62.08333333,-4.615384615,bendiocarb,2.133333333,112,21,71,24,160,24,117,13,0.354631696,0,0.183091518,0.034598214,0.183091518,0.354631696,0.462276786
78,UNPUBLISHED_Sarah_Moore,Anopheles_arabiensis,bendiocarb,,Ifakara,Tanzania,Ifakara_huts,1.503759398,22.23485464,17.9976512,43.24096892,bendiocarb,2.233333333,133,6,86,26,131,60,95,21,0.327810961,0.031713805,0.08965161,0.533605005,0.121365415,0.327810961,0.550823624
79,UNPUBLISHED_Sarah_Moore,Anopheles_arabiensis,bendiocarb,,Ifakara,Tanzania,Ifakara_huts,2.290076336,-64.37026515,-6.793478261,0.525700935,bendiocarb,2.266666667,131,24,98,23,128,24,75,24,0.251431298,0,0.149570611,0.621183206,0.149570611,0.251431298,0.598998092
80,UNPUBLISHED_Sarah_Moore,Anopheles_arabiensis,bendiocarb,,Ifakara,Tanzania,Ifakara_huts,31.57894737,-23.41880342,-26.22377622,27.4895647,bendiocarb,2.3,133,4,88,22,91,27,53,19,0.295471198,0.010072882,0.039411716,0.909526564,0.049484598,0.295471198,0.655044204
81,UNPUBLISHED_Sarah_Moore,Anopheles_arabiensis,bendiocarb,,Ifakara,Tanzania,Ifakara_huts,-50,-19.29824561,-148.8888889,9.971509972,bendiocarb,2.333333333,136,19,98,15,204,46,136,56,0.28031286,0.002775375,0.106004902,0.074142157,0.108780277,0.28031286,0.610906863
82,UNPUBLISHED_Sarah_Moore,Anopheles_arabiensis,bendiocarb,,Ifakara,Tanzania,Ifakara_huts,-35.10638298,32.32845894,36.07730852,3.139885292,bendiocarb,2.366666667,94,13,59,22,127,21,95,19,0.373931982,0.010386999,0.114256994,0.135030993,0.124643994,0.373931982,0.501424024
83,UNPUBLISHED_Sarah_Moore,Anopheles_arabiensis,bendiocarb,,Ifakara,Tanzania,Ifakara_huts,23.65591398,29.82897384,29.19680244,25.65664256,bendiocarb,2.466666667,186,38,130,37,142,58,112,20,0.305251774,0.008847878,0.227245192,0.591473573,0.236093069,0.305251774,0.458655157
84,UNPUBLISHED_Sarah_Moore,Anopheles_arabiensis,bendiocarb,,Ifakara,Tanzania,Ifakara_huts,40.25974026,-6.944444444,45.59782609,12.44147157,bendiocarb,2.5,154,24,118,40,92,24,69,13,0.326651609,0.006281762,0.142786561,0.892010164,0.149068323,0.326651609,0.524280068
85,UNPUBLISHED_Sarah_Moore,Anopheles_arabiensis,bendiocarb,,Ifakara,Tanzania,Ifakara_huts,-18.88888889,-86.91588785,-121.7502124,23.71223647,bendiocarb,2.533333333,90,4,72,11,107,29,67,29,0.23989674,0.002263177,0.033021807,0.52834891,0.035284984,0.23989674,0.724818276
86,UNPUBLISHED_Sarah_Moore,Anopheles_arabiensis,bendiocarb,,Ifakara,Tanzania,Ifakara_huts,-2.272727273,52.43243243,53.55555556,23.68563686,bendiocarb,2.566666667,88,6,51,40,90,26,72,19,0.525883838,0,0.043308081,0.36489899,0.043308081,0.525883838,0.430808081
87,UNPUBLISHED_Sarah_Moore,Anopheles_arabiensis,bendiocarb,,Ifakara,Tanzania,Ifakara_huts,-2.459016393,55.104,49.88108108,21.92,bendiocarb,2.6,122,2,72,37,125,29,102,19,0.452352,0.003648,0.03095082,0.418622951,0.03459882,0.452352,0.51304918
88,UNPUBLISHED_Sarah_Moore,Anopheles_arabiensis,bendiocarb,,Ifakara,Tanzania,Ifakara_huts,13.88888889,4.193548387,32.76740238,35.73441904,bendiocarb,2.7,108,5,68,38,93,36,60,22,0.428951324,0.04595907,0.059139785,0.600358423,0.105098855,0.428951324,0.465949821
89,UNPUBLISHED_Sarah_Moore,Anopheles_arabiensis,bendiocarb,,Ifakara,Tanzania,Ifakara_huts,1.219512195,44.56202234,46.40522876,16.93573916,bendiocarb,2.733333333,82,4,40,34,81,17,58,18,0.602830473,0,0.011592894,0.347786811,0.011592894,0.602830473,0.385576634
90,UNPUBLISHED_Sarah_Moore,Anopheles_arabiensis,bendiocarb,,Ifakara,Tanzania,Ifakara_huts,26.71755725,38.26884921,29.56989247,22.32371795,bendiocarb,2.766666667,131,1,89,31,96,22,77,16,0.419847328,0,0.007633588,0.839694656,0.007633588,0.419847328,0.572519084
91,UNPUBLISHED_Sarah_Moore,Anopheles_arabiensis,bendiocarb,,Ifakara,Tanzania,Ifakara_huts,-35.36585366,7.657657658,32.84193284,13.96966587,bendiocarb,2.8,82,3,50,33,111,19,71,30,0.529004614,0,0,0.094045265,0,0.529004614,0.470995386
92,UNPUBLISHED_Sarah_Moore,Anopheles_arabiensis,bendiocarb,,Ifakara,Tanzania,Ifakara_huts,-11.39240506,74.35064935,82.04545455,21.44886364,bendiocarb,2.833333333,79,7,44,25,88,25,78,5,0.563147296,0.012514384,0.050057537,0.250287687,0.062571922,0.563147296,0.374280783
93,UNPUBLISHED_Sarah_Moore,Anopheles_arabiensis,bendiocarb,,Ifakara,Tanzania,Ifakara_huts,19.86754967,58.40220386,43.9703154,28.42732134,bendiocarb,2.933333333,151,15,88,49,121,43,100,22,0.454083629,0.01978206,0.05467681,0.571068907,0.07445887,0.454083629,0.471457501
94,UNPUBLISHED_Sarah_Moore,Anopheles_arabiensis,bendiocarb,,Ifakara,Tanzania,Ifakara_huts,-36.76470588,-27.48828233,3.11827957,15.50776583,bendiocarb,2.966666667,136,1,97,40,186,30,118,53,0.345704706,0.00375766,0.032258065,0.228494624,0.036015724,0.345704706,0.61827957
95,UNPUBLISHED_Sarah_Moore,Anopheles_arabiensis,bendiocarb,,Ifakara,Tanzania,Ifakara_huts,-9.638554217,18.39213418,53.28330206,11.22344322,bendiocarb,3,166,16,109,41,182,36,131,21,0.326600812,0.029979355,0.07324904,0.430160201,0.103228395,0.326600812,0.570170793
96,UNPUBLISHED_Sarah_Moore,Anopheles_arabiensis,bendiocarb,,Ifakara,Tanzania,Ifakara_huts,-14.39393939,-5.224429728,45.20114658,20.65206317,bendiocarb,3.033333333,132,2,78,67,151,33,86,42,0.536978043,0.01088469,0.079269516,0.176098736,0.090154206,0.536978043,0.37286775
97,UNPUBLISHED_Sarah_Moore,Anopheles_arabiensis,bendiocarb,,Ifakara,Tanzania,Ifakara_huts,-47.4137931,10.16279437,43.01754386,16.46090535,bendiocarb,3.066666667,116,8,79,50,171,38,122,42,0.425255516,0.023625306,0.07733414,-0.008015729,0.100959446,0.425255516,0.473785037
98,UNPUBLISHED_Sarah_Moore,Anopheles_arabiensis,bendiocarb,,Ifakara,Tanzania,Ifakara_huts,10.09174312,6.077097506,-0.631681244,17.12685074,bendiocarb,3.166666667,109,7,64,42,98,22,60,38,0.477813144,0,0.04708856,0.494289459,0.04708856,0.477813144,0.475098296
99,UNPUBLISHED_Sarah_Moore,Anopheles_arabiensis,bendiocarb,,Ifakara,Tanzania,Ifakara_huts,-1.408450704,25.05555556,61.25992063,12.17447917,bendiocarb,3.2,71,7,46,28,72,15,53,11,0.498043818,0,0.040101721,0.393192488,0.040101721,0.498043818,0.46185446
100,UNPUBLISHED_Sarah_Moore,Anopheles_arabiensis,bendiocarb,,Ifakara,Tanzania,Ifakara_huts,-53.22580645,-35.5465587,15.15789474,13.71989295,bendiocarb,3.233333333,62,3,49,20,95,17,68,26,0.382003396,0,0,0.061120543,0,0.382003396,0.617996604
101,UNPUBLISHED_Sarah_Moore,Anopheles_arabiensis,bendiocarb,,Ifakara,Tanzania,Ifakara_huts,14.45783133,22.0657277,49.89939638,8.037558685,bendiocarb,3.266666667,83,8,56,35,71,12,53,15,0.500235419,0.00714622,0.055150178,0.485321568,0.062296398,0.500235419,0.437468183
102,UNPUBLISHED_Sarah_Moore,Anopheles_arabiensis,bendiocarb,,Ifakara,Tanzania,Ifakara_huts,25.75757576,46.12244898,38.7755102,30.48057933,bendiocarb,3.3,66,4,46,22,49,17,41,10,0.403525046,0,0.055658627,0.695732839,0.055658627,0.403525046,0.540816327
103,UNPUBLISHED_Sarah_Moore,Anopheles_arabiensis,bendiocarb,,Ifakara,Tanzania,Ifakara_huts,5,-21.45748988,47.36842105,32.52361673,bendiocarb,3.4,40,1,27,10,38,13,23,5,0.313157895,0.022368421,0.105263158,0.603947368,0.127631579,0.313157895,0.559210526
104,UNPUBLISHED_Sarah_Moore,Anopheles_arabiensis,bendiocarb,,Ifakara,Tanzania,Ifakara_huts,33.76623377,-73.62745098,-35.0877193,10.22787493,bendiocarb,3.433333333,77,3,57,19,51,7,28,17,0.318309142,0.012732366,0.019607843,0.980392157,0.032340209,0.318309142,0.649350649
105,UNPUBLISHED_Sarah_Moore,Anopheles_arabiensis,bendiocarb,,Ifakara,Tanzania,Ifakara_huts,19.67213115,24.22360248,14.82277121,42.04785362,bendiocarb,3.466666667,61,3,38,19,49,22,35,13,0.417530947,0.008698561,0.032786885,0.737704918,0.041485447,0.417530947,0.540983607
106,UNPUBLISHED_Sarah_Moore,Anopheles_arabiensis,bendiocarb,,Ifakara,Tanzania,Ifakara_huts,-36,30.55555556,6.186612576,10.93620547,bendiocarb,3.5,75,4,39,29,102,16,68,37,0.471152121,0.004664872,0.02379085,0.071372549,0.028455722,0.471152121,0.500392157
107,UNPUBLISHED_Sarah_Moore,Anopheles_arabiensis,bendiocarb,,Ifakara,Tanzania,Ifakara_huts,-1.754385965,22.78325123,64.26332288,10.65830721,bendiocarb,3.533333333,57,2,29,33,58,8,36,12,0.609800363,0.016938899,0.034180278,0.304900181,0.051119177,0.609800363,0.33908046
108,UNPUBLISHED_Sarah_Moore,Anopheles_arabiensis,bendiocarb,,Ifakara,Tanzania,Ifakara_huts,-176.3157895,-102.6666667,11.78571429,24.42577031,bendiocarb,3.633333333,38,4,33,16,105,34,77,39,0.336078291,0.016803915,0.11679198,-1.061654135,0.133595894,0.336078291,0.530325815
109,UNPUBLISHED_Sarah_Moore,Anopheles_arabiensis,bendiocarb,,Ifakara,Tanzania,Ifakara_huts,37.31343284,30.64182195,77.21088435,19.01098901,bendiocarb,3.666666667,67,2,44,28,42,9,32,4,0.507462687,0,0.014925373,0.850746269,0.014925373,0.507462687,0.47761194
110,UNPUBLISHED_Sarah_Moore,Anopheles_arabiensis,bendiocarb,,Ifakara,Tanzania,Ifakara_huts,-28,12.109375,62.63586957,18.55053191,bendiocarb,3.7,50,3,34,23,64,15,46,11,0.4765625,0.0234375,0.04,0.18,0.0634375,0.4765625,0.46
111,UNPUBLISHED_Sarah_Moore,Anopheles_arabiensis,bendiocarb,,Ifakara,Tanzania,Ifakara_huts,-7.894736842,15.74279379,-6.941838649,22.76422764,bendiocarb,3.733333333,38,2,27,13,41,11,31,15,0.288831836,0,0.038510911,0.346598203,0.038510911,0.288831836,0.672657253
112,UNPUBLISHED_Sarah_Moore,Anopheles_arabiensis,bendiocarb,,Ifakara,Tanzania,Ifakara_huts,-9.375,42.85714286,#DIV/0!,8.571428571,bendiocarb,3.766666667,32,7,16,0,35,10,25,7,0.371428571,0,0.228571429,0.257142857,0.228571429,0.371428571,0.4
113,UNPUBLISHED_Sarah_Moore,Anopheles_arabiensis,bendiocarb,,Ifakara,Tanzania,Ifakara_huts,13.95348837,-28.44950213,-27.46294682,7.027027027,bendiocarb,3.866666667,86,6,67,31,74,10,53,34,0.309868008,0,0.045568825,0.537712131,0.045568825,0.309868008,0.644563168
114,UNPUBLISHED_Sarah_Moore,Anopheles_arabiensis,bendiocarb,,Ifakara,Tanzania,Ifakara_huts,35.36585366,38.64671438,-9.708404803,16.47181387,bendiocarb,3.9,164,1,106,55,106,18,83,39,0.411178355,0.003915984,0.014496088,0.713069489,0.018412073,0.411178355,0.570409572
115,UNPUBLISHED_Sarah_Moore,Anopheles_arabiensis,bendiocarb,,Ifakara,Tanzania,Ifakara_huts,7.56302521,43.33333333,45.90909091,23.13397129,bendiocarb,3.933333333,119,5,77,64,110,29,88,32,0.421787624,0.038105424,0.027272727,0.38105424,0.065378151,0.421787624,0.512834225
116,UNPUBLISHED_Sarah_Moore,Anopheles_arabiensis,bendiocarb,,Ifakara,Tanzania,Ifakara_huts,47.90419162,31.24034997,44.78034955,21.79650915,bendiocarb,3.966666667,167,5,100,73,87,21,63,21,0.497348545,0.005783123,0.046389979,0.918507812,0.052173101,0.497348545,0.450478354
117,UNPUBLISHED_Sarah_Moore,Anopheles_arabiensis,bendiocarb,,Ifakara,Tanzania,Ifakara_huts,16.12903226,1.809954751,19.43866944,7.867132867,bendiocarb,4,93,5,59,37,78,10,50,25,0.432726771,0.020126827,0.032947339,0.613868211,0.053074166,0.432726771,0.514199063
118,UNPUBLISHED_Sarah_Moore,Anopheles_arabiensis,bendiocarb,,Ifakara,Tanzania,Ifakara_huts,4.615384615,56.03537981,52.07373272,31.37829912,bendiocarb,4.1,65,10,34,35,62,26,49,16,0.565508685,0.013151365,0.074689826,0.289330025,0.087841191,0.565508685,0.346650124
119,UNPUBLISHED_Sarah_Moore,Anopheles_arabiensis,bendiocarb,,Ifakara,Tanzania,Ifakara_huts,-6.779661017,-17.06349206,20.223398,19.97113997,bendiocarb,4.133333333,59,4,43,27,63,16,43,23,0.460291838,0.015091536,0.030669895,0.337368846,0.045761431,0.460291838,0.493946731
120,UNPUBLISHED_Sarah_Moore,Anopheles_arabiensis,bendiocarb,,Ifakara,Tanzania,Ifakara_huts,-52.63157895,10.82375479,9.283819629,12.33608548,bendiocarb,4.166666667,76,5,40,39,116,21,67,54,0.537971713,0.004678015,0.044010889,-0.144736842,0.048688904,0.537971713,0.413339383
121,UNPUBLISHED_Sarah_Moore,Anopheles_arabiensis,bendiocarb,,Ifakara,Tanzania,Ifakara_huts,26.66666667,23.79679144,46.52406417,15.97796143,bendiocarb,4.2,105,6,71,51,77,16,58,20,0.491774892,0.026345083,0.026345083,0.623500309,0.052690167,0.491774892,0.455534941
122,UNPUBLISHED_Sarah_Moore,Anopheles_arabiensis,bendiocarb,,Ifakara,Tanzania,Ifakara_huts,25.80645161,37.79264214,49.00117509,27.6776246,bendiocarb,4.233333333,93,11,54,37,69,25,51,14,0.471248247,0.009817672,0.1028518,0.579242637,0.112669472,0.471248247,0.416082281
123,UNPUBLISHED_Sarah_Moore,Anopheles_arabiensis,bendiocarb,,Ifakara,Tanzania,Ifakara_huts,3.658536585,34.64603844,64.61449942,29.86657544,bendiocarb,4.333333333,82,8,55,44,79,29,62,15,0.515313759,0.006606587,0.17381908,0.310898425,0.180425667,0.515313759,0.304260574
124,UNPUBLISHED_Sarah_Moore,Anopheles_arabiensis,bendiocarb,,Ifakara,Tanzania,Ifakara_huts,49.5049505,15.12605042,10.88235294,26.50090964,bendiocarb,4.366666667,101,4,73,40,51,15,39,18,0.435643564,0,0.034168123,0.820034945,0.034168123,0.435643564,0.530188313
125,UNPUBLISHED_Sarah_Moore,Anopheles_arabiensis,bendiocarb,,Ifakara,Tanzania,Ifakara_huts,20.3125,44.22657952,52.01845444,22.94461644,bendiocarb,4.4,64,7,37,34,51,16,39,13,0.581062572,0.038116349,0.077205882,0.431985294,0.115322232,0.581062572,0.303615196
126,UNPUBLISHED_Sarah_Moore,Anopheles_arabiensis,bendiocarb,,Ifakara,Tanzania,Ifakara_huts,23.17073171,29.91452991,39.74132863,31.4028314,bendiocarb,4.433333333,82,8,43,54,63,24,42,25,0.617886179,0.022067364,0.082075106,0.408246225,0.10414247,0.617886179,0.277971351
127,UNPUBLISHED_Sarah_Moore,Anopheles_arabiensis,bendiocarb,,Ifakara,Tanzania,Ifakara_huts,-25.3968254,55.69620253,37.69778481,35.12121862,bendiocarb,4.466666667,63,4,27,32,79,31,59,25,0.610835158,0.093203419,0.01466747,-0.029334941,0.10787089,0.610835158,0.281293952
128,UNPUBLISHED_Sarah_Moore,Anopheles_arabiensis,bendiocarb,,Ifakara,Tanzania,Ifakara_huts,9.836065574,31.74825175,13.73737374,33.84370016,bendiocarb,4.6,61,4,35,18,55,21,39,14,0.479880775,0,0.095678092,0.397615499,0.095678092,0.479880775,0.424441133
129,UNPUBLISHED_Sarah_Moore,Anopheles_arabiensis,bendiocarb,,Ifakara,Tanzania,Ifakara_huts,44.73684211,0.988319856,1.984126984,8.723135272,bendiocarb,4.633333333,114,1,61,48,63,6,34,26,0.589668616,0,0,0.67390699,0,0.589668616,0.410331384
130,UNPUBLISHED_Sarah_Moore,Anopheles_arabiensis,bendiocarb,,Ifakara,Tanzania,Ifakara_huts,-23.31288344,41.91878446,40.24613773,31.14615601,bendiocarb,4.666666667,163,4,89,76,201,66,148,56,0.548990238,0.016892007,0.031926258,0.098892043,0.048818266,0.548990238,0.402191497
131,UNPUBLISHED_Sarah_Moore,Anopheles_arabiensis,bendiocarb,,Ifakara,Tanzania,Ifakara_huts,13.125,-62.19751472,28.90393567,6.096175691,bendiocarb,4.7,160,8,116,68,139,15,77,42,0.471888101,0.012329525,0.055980216,0.473336331,0.068309741,0.471888101,0.459802158
132,UNPUBLISHED_Sarah_Moore,Anopheles_arabiensis,bendiocarb,,Ifakara,Tanzania,Ifakara_huts,43.31210191,20.49374901,-30.13446307,8.91532643,bendiocarb,4.733333333,157,4,86,61,89,10,57,45,0.433066339,0.004921208,0.031847134,0.712016031,0.036768342,0.433066339,0.530165319
133,UNPUBLISHED_Sarah_Moore,Anopheles_arabiensis,bendiocarb,,Ifakara,Tanzania,Ifakara_huts,0.884955752,18.72519841,15.92261905,23.17332896,bendiocarb,4.8,113,4,77,36,112,29,83,30,0.352797092,0.015012642,0.043220607,0.480404551,0.058233249,0.352797092,0.588969659
134,UNPUBLISHED_Sarah_Moore,Anopheles_arabiensis,bendiocarb,,Ifakara,Tanzania,Ifakara_huts,54.83870968,36.12637363,20.61994609,38.59543818,bendiocarb,4.833333333,124,5,72,53,56,23,41,19,0.458669355,0.007056452,0.014112903,0.875,0.021169355,0.458669355,0.52016129
135,UNPUBLISHED_Sarah_Moore,Anopheles_arabiensis,bendiocarb,,Ifakara,Tanzania,Ifakara_huts,32.35294118,-8.924485126,2.651113468,11.90162495,bendiocarb,4.866666667,102,3,64,41,69,10,41,27,0.44039191,0.021244919,0.030690537,0.615515772,0.051935456,0.44039191,0.507672634
136,UNPUBLISHED_Sarah_Moore,Anopheles_arabiensis,bendiocarb,,Ifakara,Tanzania,Ifakara_huts,14.28571429,23.91304348,19.62962963,36.80555556,bendiocarb,4.9,98,2,52,45,84,32,54,31,0.427321949,0.053727613,0.056365403,0.489795918,0.110093017,0.427321949,0.462585034
137,UNPUBLISHED_Sarah_Moore,Anopheles_arabiensis,bendiocarb,,Ifakara,Tanzania,Ifakara_huts,14.49275362,49.02216428,44.18335901,1.043024772,bendiocarb,4.933333333,69,4,30,44,59,4,42,21,0.589535741,0.024563989,0,0.356177843,0.024563989,0.589535741,0.38590027
138,UNPUBLISHED_Sarah_Moore,Anopheles_arabiensis,bendiocarb,,Ifakara,Tanzania,Ifakara_huts,5,-27.42382271,23.97660819,22.43767313,bendiocarb,5.033333333,60,3,41,36,57,15,34,26,0.432558736,0.045219042,0.070175439,0.314327485,0.11539448,0.432558736,0.452046784
139,UNPUBLISHED_Sarah_Moore,Anopheles_arabiensis,bendiocarb,,Ifakara,Tanzania,Ifakara_huts,22.72727273,23.87543253,22.96918768,18.74145007,bendiocarb,5.066666667,88,2,54,42,68,14,48,25,0.46875,0.009191176,0.009191176,0.505514706,0.018382353,0.46875,0.512867647
140,UNPUBLISHED_Sarah_Moore,Anopheles_arabiensis,bendiocarb,,Ifakara,Tanzania,Ifakara_huts,33.88429752,-65.88709677,-1.862244898,17.96610169,bendiocarb,5.1,121,3,90,49,80,16,46,33,0.431033058,0.02268595,0.052376033,0.761363636,0.075061983,0.431033058,0.493904959
141,UNPUBLISHED_Sarah_Moore,Anopheles_arabiensis,bendiocarb,,Ifakara,Tanzania,Ifakara_huts,4.794520548,52.08885523,40.4273596,18.80197969,bendiocarb,5.133333333,146,5,89,67,139,30,113,38,0.482314296,0.028674173,0.033605992,0.418350251,0.062280165,0.482314296,0.455405539
142,UNPUBLISHED_Sarah_Moore,Anopheles_arabiensis,bendiocarb,,Ifakara,Tanzania,Ifakara_huts,-7.865168539,4.03874269,28.78925121,19.21905458,bendiocarb,5.166666667,178,7,121,69,192,43,133,53,0.456567657,0.025086135,0.025895365,0.34181882,0.0509815,0.456567657,0.492450843
143,UNPUBLISHED_Sarah_Moore,Anopheles_arabiensis,bendiocarb,,Ifakara,Tanzania,Ifakara_huts,51.64835165,24.79338843,64.20454545,15.74074074,bendiocarb,5.5,91,10,58,52,44,11,32,9,0.579420579,0.01998002,0.082667333,0.719280719,0.102647353,0.579420579,0.317932068
144,UNPUBLISHED_Sarah_Moore,Anopheles_arabiensis,bendiocarb,,Ifakara,Tanzania,Ifakara_huts,45.71428571,22.22222222,28.3625731,31.57894737,bendiocarb,5.533333333,70,0,25,18,38,12,19,7,0.698417095,0.018876138,0.052631579,0.663157895,0.071507717,0.698417095,0.230075188
145,UNPUBLISHED_Sarah_Moore,Anopheles_arabiensis,bendiocarb,,Ifakara,Tanzania,Ifakara_huts,59.09090909,16.88888889,30.15873016,32.26238286,bendiocarb,5.566666667,88,5,38,56,36,13,19,16,0.609953704,0.055450337,0.066919192,0.693181818,0.122369529,0.609953704,0.267676768
146,UNPUBLISHED_Sarah_Moore,Anopheles_arabiensis,bendiocarb,,Ifakara,Tanzania,Ifakara_huts,60.50420168,11.38297872,-2.093342485,9.110747409,bendiocarb,5.6,119,2,59,62,47,5,26,25,0.465216779,0.049712597,0.070266404,0.771857679,0.119979001,0.465216779,0.41480422
147,UNPUBLISHED_Sarah_Moore,Anopheles_arabiensis,bendiocarb,,Ifakara,Tanzania,Ifakara_huts,11.88118812,27.7834525,47.90937558,26.6371581,bendiocarb,5.633333333,101,2,57,61,89,25,61,28,0.602234191,0.00684357,0.039158972,0.317054177,0.046002542,0.602234191,0.351763266
148,UNPUBLISHED_Sarah_Moore,Anopheles_arabiensis,bendiocarb,,Ifakara,Tanzania,Ifakara_huts,-124.5714286,32.47210804,34.94855626,34.11752452,bendiocarb,5.733333333,175,4,84,115,393,140,255,168,0.537228766,0.060328486,0.110170847,-0.743162486,0.170499333,0.537228766,0.292271901
149,UNPUBLISHED_Sarah_Moore,Anopheles_arabiensis,bendiocarb,,Ifakara,Tanzania,Ifakara_huts,-9.88372093,20.17079736,45.63320278,50.16376921,bendiocarb,5.8,172,4,115,77,189,97,139,46,0.424311671,0.006843737,0.098929494,0.255998523,0.105773231,0.424311671,0.469915098
150,UNPUBLISHED_Sarah_Moore,Anopheles_arabiensis,bendiocarb,,Ifakara,Tanzania,Ifakara_huts,3.144654088,14.55441111,-59.17207792,24.55044955,bendiocarb,5.833333333,159,3,101,48,154,40,106,74,0.30148423,0.023191095,0.051948052,0.378787879,0.075139147,0.30148423,0.623376623
151,UNPUBLISHED_Sarah_Moore,Anopheles_arabiensis,bendiocarb,,Ifakara,Tanzania,Ifakara_huts,-7.826086957,14.98655914,-37.70772239,25.80645161,bendiocarb,5.866666667,115,5,55,33,124,36,69,49,0.437913405,0.060263313,0.079242637,0.288008415,0.139505949,0.437913405,0.422580645
152,UNPUBLISHED_Sarah_Moore,Anopheles_arabiensis,bendiocarb,,Ifakara,Tanzania,Ifakara_huts,12.03007519,-5.095952266,53.81944444,51.03221565,bendiocarb,5.9,133,3,80,64,117,61,68,26,0.577774153,0.020452182,0.080457554,0.405693721,0.100909737,0.577774153,0.321316111
153,UNPUBLISHED_Sarah_Moore,Anopheles_arabiensis,bendiocarb,,Ifakara,Tanzania,Ifakara_huts,44.69026549,10.46095238,37.90707071,28.67522936,bendiocarb,5.966666667,226,8,121,99,125,39,73,34,0.536417416,0.016432142,0.068176991,0.746548673,0.084609133,0.536417416,0.378973451
154,UNPUBLISHED_Sarah_Moore,Anopheles_arabiensis,bendiocarb,,Ifakara,Tanzania,Ifakara_huts,-25.14285714,7.01535907,39.37962526,11.58034098,bendiocarb,6,175,6,120,87,219,32,155,66,0.46590998,0.004853229,0.037677756,0.145596869,0.042530985,0.46590998,0.491559035
155,UNPUBLISHED_Sarah_Moore,Anopheles_arabiensis,bendiocarb,,Ifakara,Tanzania,Ifakara_huts,-62.13592233,13.65269461,35.75349301,29.16345527,bendiocarb,6.033333333,103,2,68,48,167,51,118,50,0.494476195,0.015261611,0.069821522,-0.197081565,0.085083133,0.494476195,0.420440672
156,UNPUBLISHED_Sarah_Moore,Anopheles_arabiensis,bendiocarb,,Ifakara,Tanzania,Ifakara_huts,15.05376344,21.51898734,-1.295260524,32.18216841,bendiocarb,6.066666667,186,2,102,86,158,52,102,74,0.421944374,0.031574069,0.051925956,0.379746835,0.083500025,0.421944374,0.494555601
157,UNPUBLISHED_Sarah_Moore,Anopheles_arabiensis,bendiocarb,,Ifakara,Tanzania,Ifakara_huts,0.540540541,47.33436853,25.6852552,16.67667547,bendiocarb,6.1,185,4,101,92,184,34,140,68,0.396911562,0.018041435,0.128819036,0.296856639,0.146860471,0.396911562,0.456227967
158,UNPUBLISHED_Sarah_Moore,Anopheles_arabiensis,bendiocarb,,Ifakara,Tanzania,Ifakara_huts,-32.60869565,20.81967213,38.02954066,30.23759659,bendiocarb,6.2,230,3,130,101,305,95,200,83,0.547997149,0,0.059814683,0.014711333,0.059814683,0.547997149,0.392188168
159,UNPUBLISHED_Sarah_Moore,Anopheles_arabiensis,bendiocarb,,Ifakara,Tanzania,Ifakara_huts,18.58736059,-62.71126134,15.95770248,41.35510008,bendiocarb,6.233333333,269,3,192,76,219,92,117,52,0.321689812,0.001475641,0.168321706,0.572626504,0.169797347,0.321689812,0.508512841
160,UNPUBLISHED_Sarah_Moore,Anopheles_arabiensis,bendiocarb,,Ifakara,Tanzania,Ifakara_huts,-31.37254902,16.17230304,54.98314877,33.88832729,bendiocarb,6.266666667,255,4,176,93,335,117,248,55,0.419860312,0.008585693,0.026865672,0.192098332,0.035451365,0.419860312,0.544688323
161,UNPUBLISHED_Sarah_Moore,Anopheles_arabiensis,bendiocarb,,Ifakara,Tanzania,Ifakara_huts,1.838235294,43.09182487,31.29518335,40.07490637,bendiocarb,6.3,272,0,127,129,267,107,186,87,0.56340647,0.028835764,0.02247191,0.342090769,0.051307674,0.56340647,0.385285856
162,UNPUBLISHED_Sarah_Moore,Anopheles_arabiensis,bendiocarb,,Ifakara,Tanzania,Ifakara_huts,-26.00896861,23.22837691,26.05143966,41.73158924,bendiocarb,6.333333333,223,1,131,88,281,118,192,82,0.46526914,0.041249858,0.117437722,0.145364888,0.158687581,0.46526914,0.376043279
163,UNPUBLISHED_Sarah_Moore,Anopheles_arabiensis,bendiocarb,,Ifakara,Tanzania,Ifakara_huts,-0.552486188,38.43537415,29.69874953,21.54456654,bendiocarb,6.433333333,181,1,97,58,182,40,130,41,0.484912877,0,0.027472527,0.405743428,0.027472527,0.484912877,0.487614595
164,UNPUBLISHED_Sarah_Moore,Anopheles_arabiensis,bendiocarb,,Ifakara,Tanzania,Ifakara_huts,14.36170213,-90.87434305,7.389162562,19.25465839,bendiocarb,6.466666667,188,0,136,58,161,31,76,46,0.385504401,0.007319704,0.049689441,0.637141536,0.057009145,0.385504401,0.557486454
165,UNPUBLISHED_Sarah_Moore,Anopheles_arabiensis,bendiocarb,,Ifakara,Tanzania,Ifakara_huts,8.26446281,-19.90990991,33.14114114,29.00673783,bendiocarb,6.5,242,4,152,75,222,67,123,46,0.385451567,0.006216961,0.136847591,0.416536371,0.143064552,0.385451567,0.471483881
166,UNPUBLISHED_Sarah_Moore,Anopheles_arabiensis,bendiocarb,,Ifakara,Tanzania,Ifakara_huts,-57.77777778,15.99597586,11.12190384,35.7950678,bendiocarb,6.533333333,540,2,288,87,852,307,518,122,0.435379354,0.004126819,0.116197183,-0.081968353,0.120324002,0.435379354,0.444296644
167,UNPUBLISHED_Sarah_Moore,Anopheles_arabiensis,bendiocarb,,Ifakara,Tanzania,Ifakara_huts,-25.14450867,50.45727483,55.2517321,29.09930716,bendiocarb,6.566666667,346,0,196,100,433,126,340,56,0.442536945,0,0.046189376,0.231681106,0.046189376,0.442536945,0.511273679
168,UNPUBLISHED_Sarah_Moore,Anopheles_arabiensis,bendiocarb,,Ifakara,Tanzania,Ifakara_huts,-77.6119403,12.67364088,24.14799253,31.24868038,bendiocarb,6.666666667,201,2,103,72,357,114,205,97,0.544725158,0.029086457,0.058823529,-0.365734353,0.087909986,0.544725158,0.367364856
169,UNPUBLISHED_Sarah_Moore,Anopheles_arabiensis,bendiocarb,,Ifakara,Tanzania,Ifakara_huts,-35.0877193,1.545454545,50.2637987,30.58008658,bendiocarb,6.7,228,3,128,128,308,97,175,86,0.465738209,0.006749829,0.123376623,0.026999316,0.130126452,0.465738209,0.404135338
170,UNPUBLISHED_Sarah_Moore,Anopheles_arabiensis,bendiocarb,,Ifakara,Tanzania,Ifakara_huts,-35.34883721,32.13058419,45.55977573,19.46385238,bendiocarb,6.733333333,215,4,129,95,291,61,212,70,0.491711301,0.001695556,0.046591545,0.038679773,0.048287101,0.491711301,0.460001598
171,UNPUBLISHED_Sarah_Moore,Anopheles_arabiensis,bendiocarb,,Ifakara,Tanzania,Ifakara_huts,-29.66507177,18.51284551,37.04345207,18.81918819,bendiocarb,6.766666667,209,0,103,98,271,51,159,80,0.489803845,0,0.118081181,0.013700807,0.118081181,0.489803845,0.392114974
172,UNPUBLISHED_Sarah_Moore,Anopheles_arabiensis,bendiocarb,,Ifakara,Tanzania,Ifakara_huts,12.08791209,28.54166667,30.23333333,27.5,bendiocarb,6.8,182,0,104,75,160,44,111,46,0.468605769,0.024663462,0.0875,0.488461538,0.112163462,0.468605769,0.419230769
173,UNPUBLISHED_Sarah_Moore,Anopheles_arabiensis,bendiocarb,,Ifakara,Tanzania,Ifakara_huts,5.18134715,56.0564663,50.78324226,46.71268335,bendiocarb,6.9,193,3,121,90,183,87,153,42,0.489767501,0.022364779,0.058948441,0.384523911,0.081313221,0.489767501,0.428919279
174,UNPUBLISHED_Sarah_Moore,Anopheles_arabiensis,bendiocarb,,Ifakara,Tanzania,Ifakara_huts,-14.28571429,23.97540984,25.30487805,25.33333333,bendiocarb,6.933333333,161,11,100,41,184,56,131,35,0.349335953,0.035824728,0.038178504,0.363151499,0.074003232,0.349335953,0.576660816
175,UNPUBLISHED_Sarah_Moore,Anopheles_arabiensis,bendiocarb,,Ifakara,Tanzania,Ifakara_huts,-380.7692308,12.34285714,71.11111111,19.4,bendiocarb,6.966666667,26,2,12,18,125,32,66,25,0.492110769,0.050658462,0.128,-2.728,0.178658462,0.492110769,0.329230769
176,UNPUBLISHED_Sarah_Moore,Anopheles_arabiensis,bendiocarb,,Ifakara,Tanzania,Ifakara_huts,-96.20253165,-23.35670874,9.744623656,22.54244482,bendiocarb,7,158,6,89,48,310,79,143,85,0.456573453,0.024847535,0.132094733,-0.449162924,0.156942267,0.456573453,0.386484279
177,UNPUBLISHED_Sarah_Moore,Anopheles_arabiensis,bendiocarb,,Ifakara,Tanzania,Ifakara_huts,-27.5,15.96638655,55.41795666,25.96348884,bendiocarb,7.033333333,240,8,128,95,306,87,186,54,0.531556239,0.012234611,0.105882353,0.048366013,0.118116964,0.531556239,0.350326797
178,UNPUBLISHED_Sarah_Moore,Anopheles_arabiensis,bendiocarb,,Ifakara,Tanzania,Ifakara_huts,-49.77777778,-49.37383695,12.79597893,16.2395468,bendiocarb,7.133333333,225,5,166,49,337,61,205,64,0.282553866,0.011122362,0.062037587,0.13138147,0.073159949,0.282553866,0.644286185
179,UNPUBLISHED_Sarah_Moore,Anopheles_arabiensis,bendiocarb,,Ifakara,Tanzania,Ifakara_huts,-141.8604651,14.65729783,15.45637199,37.5,bendiocarb,7.166666667,172,0,94,67,416,156,255,137,0.419596197,0.015695618,0.072115385,-0.773898703,0.087811003,0.419596197,0.4925928
180,UNPUBLISHED_Sarah_Moore,Anopheles_arabiensis,bendiocarb,,Ifakara,Tanzania,Ifakara_huts,-56.29139073,40.46021657,42.99691834,30.93220339,bendiocarb,7.2,151,0,79,55,236,73,169,49,0.551577057,0,0.021186441,-0.151532158,0.021186441,0.551577057,0.427236502
181,UNPUBLISHED_Sarah_Moore,Anopheles_arabiensis,bendiocarb,,Ifakara,Tanzania,Ifakara_huts,-26.11464968,44.13452709,54.44874275,14.52840089,bendiocarb,7.233333333,157,3,69,47,198,32,136,27,0.530200675,0.023263907,0.02020202,0.136878338,0.043465927,0.530200675,0.426333398
182,UNPUBLISHED_Sarah_Moore,Anopheles_arabiensis,bendiocarb,,Ifakara,Tanzania,Ifakara_huts,-30.25641026,-9.210380393,26.18110236,16.79721318,bendiocarb,7.266666667,195,4,124,52,254,47,153,50,0.408721987,0.009731476,0.020613769,0.238421159,0.030345245,0.408721987,0.560932768
183,UNPUBLISHED_Sarah_Moore,Anopheles_arabiensis,bendiocarb,,Ifakara,Tanzania,Ifakara_huts,-60.625,31.61957007,37.74319066,45.90097947,bendiocarb,7.366666667,160,15,99,23,257,131,190,23,0.304164806,0.016044338,0.140053502,-0.016853113,0.15609784,0.304164806,0.539737354
184,UNPUBLISHED_Sarah_Moore,Anopheles_arabiensis,bendiocarb,,Ifakara,Tanzania,Ifakara_huts,-101.0810811,31.69452002,-8.870967742,29.08701712,bendiocarb,7.4,185,23,102,37,372,141,258,81,0.451409474,0,0.064893926,-0.47444057,0.064893926,0.451409474,0.4836966
185,UNPUBLISHED_Sarah_Moore,Anopheles_arabiensis,bendiocarb,,Ifakara,Tanzania,Ifakara_huts,-125,22.22222222,-5.982905983,9.578544061,bendiocarb,7.433333333,116,0,76,26,261,25,191,62,0.35443916,0,0.007662835,-0.564209275,0.007662835,0.35443916,0.637898005
186,UNPUBLISHED_Sarah_Moore,Anopheles_arabiensis,bendiocarb,,Ifakara,Tanzania,Ifakara_huts,-121.8309859,-1.178130511,40.4952381,27.02980473,bendiocarb,7.5,142,3,97,50,315,90,214,66,0.379965862,0.001210082,0.044444444,-0.571763917,0.045654527,0.379965862,0.574379611
187,UNPUBLISHED_Sarah_Moore,Anopheles_arabiensis,bendiocarb,,Ifakara,Tanzania,Ifakara_huts,-91.66666667,27.32919255,16.52173913,14.28571429,bendiocarb,7.6,60,4,32,15,115,23,76,24,0.459130435,0,0.133913043,-0.445217391,0.133913043,0.459130435,0.406956522
188,UNPUBLISHED_Sarah_Moore,Anopheles_arabiensis,bendiocarb,,Ifakara,Tanzania,Ifakara_huts,-136.3636364,63.46153846,34.77564103,7.42081448,bendiocarb,7.633333333,88,3,44,24,208,22,170,37,0.407939679,0.001970723,0.034801136,-0.759833916,0.036771859,0.407939679,0.555288462
189,UNPUBLISHED_Sarah_Moore,Anopheles_arabiensis,bendiocarb,,Ifakara,Tanzania,Ifakara_huts,-225.3521127,30.25308025,3.063603064,36.69315759,bendiocarb,7.666666667,71,4,45,26,231,93,172,82,0.332546242,0.028102499,0.166758125,-1.254008902,0.194860624,0.332546242,0.472593135
190,UNPUBLISHED_Sarah_Moore,Anopheles_arabiensis,bendiocarb,,Ifakara,Tanzania,Ifakara_huts,-101.5384615,6.488549618,8.597830454,22.90076336,bendiocarb,7.7,65,0,39,19,131,30,82,35,0.420201441,0.01667466,0,-0.451438638,0.01667466,0.420201441,0.563123899
191,UNPUBLISHED_Sarah_Moore,Anopheles_arabiensis,bendiocarb,,Ifakara,Tanzania,Ifakara_huts,-1.298701299,55.12820513,37.65182186,28.86500754,bendiocarb,7.733333333,77,9,44,19,78,29,63,12,0.404928405,0,0.063270063,0.493506494,0.063270063,0.404928405,0.531801532
192,Randreiamaherijaona_2017_JMedEnt,Anopheles,bendiocarb,,SRV,Madagascar,EastAfrica,5.882352941,100,#DIV/0!,100,bendiocarb,1,51,4,28,0,48,48,48,0,,,,,,,
193,Randreiamaherijaona_2017_JMedEnt,Anopheles,bendiocarb,,SRV,Madagascar,EastAfrica,-81.48148148,#DIV/0!,#DIV/0!,100,bendiocarb,2,27,21,27,0,49,49,49,0,,,,,,,
194,Randreiamaherijaona_2017_JMedEnt,Anopheles,bendiocarb,,SRV,Madagascar,EastAfrica,-163.6363636,100,#DIV/0!,100,bendiocarb,3,22,0,0,0,58,58,58,0,,,,,,,
195,Randreiamaherijaona_2017_JMedEnt,Anopheles,bendiocarb,,SRV,Madagascar,EastAfrica,0,-42.85714286,100,100,bendiocarb,4,20,0,6,4,20,20,0,0,,,,,,,
196,Randreiamaherijaona_2017_JMedEnt,Anopheles,bendiocarb,,SRV,Madagascar,EastAfrica,-3.571428571,#DIV/0!,100,100,bendiocarb,5,28,19,28,9,29,29,29,0,,,,,,,
197,Randreiamaherijaona_2017_JMedEnt,Anopheles,bendiocarb,,SRV,Madagascar,EastAfrica,1.25,-37.93103448,32.48945148,92.44284905,bendiocarb,6,80,13,22,6,79,74,0,4,,,,,,,
198,Randreiamaherijaona_2017_JMedEnt,Anopheles,bendiocarb,,SRV,Madagascar,EastAfrica,-10.29411765,-5.31986532,-36,57.5,bendiocarb,7,136,8,37,4,150,90,35,6,,,,,,,
199,Djenontin2010,Anophelesgambiae,bendiocarb,,Vallee_du_Kou,BurkinaFaso,,-12.60504202,13.88511986,-12.93802726,80.52500655,bendiocarb,0.5,119,5,20,92,134,109,38,117,,,,,,,
200,Djenontin2010,Anophelesgambiae,bendiocarb,,Vallee_du_Kou,BurkinaFaso,,25.45454545,13.7630662,-41.81184669,26.82926829,bendiocarb,1,55,0,13,35,41,11,14,37,,,,,,,
201,Djenontin2010,Anophelesgambiae,bendiocarb,,Vallee_du_Kou,BurkinaFaso,,-50,5.952380952,-58.73015873,1.851851852,bendiocarb,1.5,74,2,18,42,111,5,32,100,,,,,,,
202,Djenontin2010,Anophelesgambiae,bendiocarb,,Vallee_du_Kou,BurkinaFaso,,-18.18181818,15.38461538,24.78632479,15.38461538,bendiocarb,2,11,0,2,9,13,2,4,8,,,,,,,
